external_id,finix_merchant_id
ST2pB3HJv3YDgtjdobXGg2fN,MUwVnxFQc9ZhKrtJCEBbtoMh
ST2hVFLv9DTiYAmZRmjtCMDr,MUsPYLiHSZtDmdFAhBaqNELJ
ST246wQqTHxFpXbpH5phShXg,MU6XBFA9fJq6fJZ1bZSLKM7f
ST26NKatfcswyptAc7wD5WSq,MUDzQMg2HAE4mejo36XzZWi
ST3Foi8aHHgG1AiqYUrEpgQv,MUsqXSTaLFM9WTEndFaw2ecC
ST4nrmPwHec3GZeBZ4e32BY2,MULBjLKtbSiuMKyZmHAtdh4
ST4mfL1Atgmi8dJjowhEY3Wk,MUtCH5X4k5CvxNciqURxAp2U
ST5Eba3qUz4atiTWfRUWy6An,MUdq29CMCe5DJm8Bdfe9qhuY
ST2kbdEESw5JvC8pr6KDbqJo,MUchE13gcT43mW91vgmKa4VK
ST3g7VvNpS7N9Ro7bhgsFMLR,MUoubhH36KkCcB8CW5VE92Mg
ST6GUAe1bR4ehH2obpp312Tw,MUrZjbPEDP1WeYBPHm1Z6KHe
ST5GJLRsNDQxkxwkaqDtSNEE,MUiRMQCokesoxxrpSyqAJmvr
ST3HpM1pQLB7kj5Gu4buCdHv,MUmzx29nWvMnCPkocuj83EyG
ST2hsLZ57TS1YfQdq4M23sDF,MU3qwxrmQFhAfsXgTiWMS5qf
ST32VnDepHJAUwtJexYkhFFx,MUuxzQJefFknxbfj8kFCCRyZ
ST35DJRwaqtBp4m8xusFNpsn,MU4UcvnzyQTjysTsDiAjwGkQ
ST3dMFfTe6ALMjvEiRrPVHz4,MUk9baZwQ8kyvvRKDoAfgRzA
ST5xjg9KRKyqFUNtsAyAyKUH,MUrymipzCoCwdh62gaw4BN8a
ST5JDpWLMX6MMcVRuMfenCeV,MUjtxXqVHWkHwZitt1vLShug
ST775QCPf5PmUg9eS8K7KT68,MUN6H3ey1mZUzPnEB4zih9H
ST4rvgPGsxA5MXochTE21fxm,MUhw7SX9jRSKtkFg1xGTPFsL
ST4eChyie7cEMgmaL8MhnkkY,MUvcNZvhFPSUTspRoEsoAszR
ST4iGipcGng8thyXknYJHfEJ,MU2M17dRXN2WcV3UYs9eVmKB
ST4u7bWXF4ARRouEsZ3CHXUr,MU8tkM2Ki46F7BS98uqftzfN
ST4u94SEvvR98Vnmj9H9B6RY,MUdpRJEZCf4msgnAqJFLhWbx
ST6sWb3RvD9SSpWHBcKwKmax,MU6f8wXtyWMkddua9BiaSvAz
ST4P1U1FeyMpehZRafVmJG5D,MUpbtLEYFL1CYpF4irBpT3JJ
ST5HDCXSTSS1PevR7wiRoXFv,MU8jJjMYsWKzAVszVGxfdwmS
ST44xb117wRVThZzfSn9XAqj,MUsjGuP5d9CGUUtHVdyaqUUp
ST6PFMnbqZQuDYtRQFzCuS2U,MU2eWRCsrKhSa7xWwjmZwVVB
ST2ugFRFaRYcC2DJZDBjtpgn,MUvJSymkBrFCujBs48YVX3kA
ST2FZffN8YLNaiCDeSbgwdPS,MU6NdMQNjQZreEp1aTibrqg5
ST2ZMmXneqTse1hVvZrEoyCX,MUaeb3sPXpEw6wpqCAxvm4Js
ST2jYLmDFJ3XrMRVxBZfouLt,MU3aVbaZfWJocTk7VmFXyGVb
ST2dmXHLMcTqJvp6qhNKLKfA,MUpNHJkdHzuXbEgCW7zQQqo7
ST3kV85jj7BX7xZyyoZp1ChA,MUxAduL93PV8nNf6nG79eswT
ST6jjUxLt4K6gVWgQdrXWuM4,MUmBgdR7X2VZSzX8o46pjw3C
ST7Xwb7BzPBsRpETXe44ay3M,MU4sKCKANrvcksdY7C45QLZP
ST5JX6mPotYZkHN9nncHj7RM,MUoHd54TeghLpbYU4t93HVBX
ST7MU7DnWiPFgwuX7yitJdGY,MUgMTGKPn4PK2vt2sJ1oDCWZ
ST6CMsi8q2moH9Ar98eGCgee,MUhS4PN6HFgUcNCvXDJdRkcc
ST5Bi3UGMif2pCvjWQVCgcus,MU7SmNiL3ocGdFbLShVjXetw
ST36YdyfT3aQ8FgZnKe7Bq3B,MUfvMHgNhEjFvngLf4erdVRi
ST73yNV7zHssfULys8bynhCQ,MUq7EB3jCxBUooNTsqyUsJP4
ST5eH94g7sKrEuRKD2BW16KC,MUfAYrsaXQcRs5ucxB8ZgJRy
ST7tby8ifZXpXuRskj6DzaM4,MU9avnidRTrjid6W5Z6eYsNG
ST3QxnFmusrSbczxf2EZ4nBY,MUaeb3sPXpEw6wpqCAxvm4Js
ST6GN4ndEeUFGgh4gdDh7QRv,MUwqQZMuCFbZHqhHsoguKcLz
ST7wyaPFSBU6rsym7W3y82m9,MUhWCqXFm7XAQBmBaVkWHirQ
ST3MJVAB9KnqduVPWpbx25m6,MUv5GEMPS7gdUjbw1M9kZmi9
ST3hxsK726kc6zqjXhsPicDg,MUjpiF4FNFjPqW6MT5JP71pb
ST7BGyq2LZJNoACPRRB6jbb4,MUcv2DFuakmQYXfoj279CMo6
ST6xw5vnn1nm8Gb1MbFYVAHt,MU6J1BuGFemUCUUvqUpDddyS
ST41kUoMg7QFhypWV79UfEGS,MUgcfymUwYdn1wy23G4Bef3y
ST4C5iLp1HTZbnJESJj1EJRL,MU8Cp6D8Yj3VHLRkrA1ezVtf
ST5EhNZbaigZiFdBafDXSLBZ,MUxADFfwSDVCtjtPgD2JcLBT
ST4APguZt3chUaZ3havooGwM,MUnMrTqDSwa8kZA9h2aza4g
ST5fQyz6BRrkHy3pXkuUJJ5L,MUk9baZwQ8kyvvRKDoAfgRzA
ST75zhwwYMU8L1dmaVJZ5Pnu,MU9F2FjKnggZKe28nVzMbFQ4
ST5n8NhFTTFuUfBzZcPht4qc,MUjHBMc7LgrFNQ94deEVML7j
ST4ggaqt9HKMnxZrA12U1sPG,MU25dTBdtMtrbtg95sgLrWHQ
ST4ALvGweKww15Uk2w2BB9Ph,MUfUzrsPJboJLZKpexRvp3vt
ST2MDkVrjfj5EZkubE7QkbHd,MUrjzb5dzBy5RCtb3MQCRxb8
ST9FApktMWUp9rpy24PyzZqS,MUjpiF4FNFjPqW6MT5JP71pb
ST31JFhwCVoTTymJ6UMHw5HH,MUvDiem7mj6rkyW4PHDGx42p
ST6JtaDfkKGFAA3uhbZTr3sA,MU7hJYyAkKCeodfQyXMMZmjc
ST6nyFuT8rsq3XmaT7ACbJYi,MU3TpP9nZqkb8SktRxYiY9u5
ST3PhAB1HRNY7ch6P6qd4cXs,MUkZNL53fdTz6yV3h8K3mVYc
ST7Jj9Neo2beadVxu4VzPMwZ,MU999EAo92d426FxKu915aDV
STeupU47EEKZEUWQucqeLq1,MUggoFa7hU9NwhTKK1Fckj12
ST5Qv3EwrVjJuN1QqPdPN1Pj,MUtYH1c7F8QdK9Nz9jtVT5bL
ST5RVxSoFBaN9q5kVHJMdrRP,MUwX8b2um6o2SPN6PATGx41p
ST51k85P3r9DkTdd87WAQh3N,MUsn7ViNgHwjhYC2D3KXA4yU
ST5D3mwzbjQVZ55WWm7oFf2j,MU4sKCKANrvcksdY7C45QLZP
ST46epMtUb6L2Ce6ri5NTN3C,MU9VCFr9CU6dqakPu9a22ywG
ST35wfDjZWBJ5VkEZTozyAnN,MU4TxF5GB6WZPDsjnkkkq5FA
ST2bEZDvxkvP9YXpimUYhkTG,MU6kXVdmD36TnQkFT33WQDJv
ST759bGK71d31MVMxrwww6VW,MUtnMhTNAinDzFdYv1uVehGF
ST4prRobDqpRwucBv59987Rb,MUkGxWcawkgWByxVJJgfZ2dc
ST3x9SrLGetWKWtLN4wfxzkQ,MU4rjqz4dqwTC3XrHvWwrsGV
ST49KYumWY7QhHJAAjgnqm6Q,MUt3X6vAcBT4BpkKNEvueybY
ST4wrSYneMdNfBNpW4CKC34d,MUsBznSNHqWnD5xfyJpYJwVd
ST77BqsKCjuns3XXLYw2dMZ5,MUxiF8kcAHmoJ79fp1Ku5KF
ST2vjhzGKT7a3JdPi9JRbkis,MUrHk4rL8vsnktdgUEmW5zXn
ST3zoP1jjgQTA292Bkjp415c,MUtnMhTNAinDzFdYv1uVehGF
ST5D41BtHJwvyEmPL8JsBGcz,MUZAsDVnr3eRv4VPnHNVABF
ST5AxYKSSEsisoqAT2bYkhjw,MUdXZU655aEuo37qn26CPW6Y
ST5kMvCTVMtcMpaHErPpy1hU,MU7SmNiL3ocGdFbLShVjXetw
ST4rt1yngYz6yXsDD9aocXSp,MUgy3TLivaAhUvvJ3SJBtTVm
ST3AGhE4QuDePSyDE1PqCryc,MU9VhhTTYpRaFhyzAP4vGwhV
ST4fME3NrGSPfpcdwSQdret2,MUjMu3EzZ4TbgPMjULbnrjkB
ST6zL8HqHi7eXbxnFJJYcHmj,MU29nAE6nC1qR6NFoRC96PfV
ST2zMXRhti3R4yZVdZhECs1V,MUgqoFJcy26PpRK2HRK4fghF
ST24VEZdxk1zmBWjHKyf6vZ9,MU2jS3UqYQCWjCcnu8AXbCMf
ST4nsWzjBAZmg1Gs8LHJK3y4,MUha8gHF3xp56sinvSaGQF9z
ST3WWThjLY9ps4pWaehxrQw9,MU6u36xXnFQCa9C6m1632Tkq
ST44ESK5bxLCHutxbs2GDjAY,MUnjC7Wycn4UQUQ7EAMM7Ju5
ST4iqyLvYyPBGwoi6Ww5jhR6,MUwefMgDHTjecwTFJUC41nGh
ST7SkgKykuDZ6ubkuH8Dou2d,MUsn7ViNgHwjhYC2D3KXA4yU
ST5Zyidpb9afnaRk4FGQNoaT,MUksRevX3DoCk5J7wTMHqD7B
ST4AXYXNykWeaguUcvxPuc99,MU92mQprUn6oboK8z3tDC4uC
ST5BRMnErXG3dbFRx6B5V2Jx,MUpJT288xjjuLuxP7DGYFwUc
ST3FS5K2MDZ56mFccHq8ELHY,MUn2VSjj4pVMNMhFms5VXrBY
ST5TeEiJJeD55Y7k678oxTDh,MU2LYcdhzFUJDBnYo7Lh2MPd
ST4qQer5R9J5i4b4GRhZrTdb,MUuK6MZAe2bVY4xssvax8cE8
ST4HTQLDgxxrCGyGcEC3ZehA,MUnjC7Wycn4UQUQ7EAMM7Ju5
ST4xGscgX5ecfGfEtyBb6RLH,MU2rTC52PmkEcLPimMXP8x14
ST3FvWsgmz6tXyY1H1wgWCDd,MUa6ZxKou7HgQtiqznJYshWZ
ST9DBq7zgL44s8qiQMPpZpDY,MU42FHpNWT5LQpHtSHk1jip9
STepn9cRcGZkXbZCfYm6oiJo,MUstWaUPFEfk5kotDjYAYgz6
ST6h9za1ziWZ6WowVSqKRF97,MU42FHpNWT5LQpHtSHk1jip9
ST3SZT5DbkhPtwPjmhFHcNMf,MUwX8b2um6o2SPN6PATGx41p
ST75FTtwTGq7riXqYPThSfpm,MUaktaryAJ1CpL7Ge359dupb
ST6K5vS1PUgFHspH2ms6AW4m,MUizKtqds74a22p8zZcZN2WU
ST5JRaknhB7XHFKPA66L5CQK,MU5uuAMF5W26A4qcNphbmoDU
ST3ZUJsj9EjEqnw2eCAoueut,MUobRNgBZMicKKyU7G2pbddm
ST8orndegchNoBYYrhRVbpnm,MUvT7VgjFEQMusQNe2o7PADM
ST6VexP7gW6NmJmzSy5WkjSi,MUrgBorHhNdkKegna4eESNxB
ST4EgktiF24L4Rycuwb2wFdt,MUtoKTF4NHRzDPGGB9rYm5bC
ST5TDCj319AKZei8xRbFidq7,MUtkwJYYciFSf6UFa9s2SA6
ST5cHhrzxru9QGa5MAhb9fhe,MUrgZsBWsGEfXoTJCH1NGz7p
STeo81tSETo9jWGbo1kowREv,MU3fUCAjSPKoNj6i6Z6evpTd
ST7jHfCaFgfACgpaRTb6WR8R,MUa5AbJcuektxXSM1yLz2sKG
ST8GvKzFXUSGuUTV9TEnRvhk,MUokTKopHeE5wMiKJtNPW7J7
ST5sV3VkqPLTSxUTUKG13sm4,MUvJSymkBrFCujBs48YVX3kA
ST5Xe8bBY1xiydYCXUjAW1Pe,MUorq8sHrJXzNz7io1J4Tkz6
ST8DKayLpEkrfGuZKzKLZSKf,MUsPLb2qXyH4nhSYGD84JC1N
ST7suGGgLZvQpqAzx71WaSgZ,MUsBznSNHqWnD5xfyJpYJwVd
ST8VpaxNEAvzWDBPAxtPhW1G,MU8CMYxzUA8eyJLdqw63ZjyN
ST7A2o4zWSSv75vtzFy5GkQd,MUpt3d6grWqk782fXcWk2Hbt
ST3998CX52ZWV9M2Xy4K63y3,MUq7EB3jCxBUooNTsqyUsJP4
ST3XhVk7dVKdxFVzDLe73oFH,MUbuJHk7zUxcN15jKAVAqg1a
ST5THmuAr2G2odLpGYFhmCxH,MUbBeJiuswnLg2ehc5etZgkH
ST74QWy6iJS8o1YgFBggppHE,MUjf5emvVfPxpn53WMisYbiV
ST71S6Wfv8ZyPuf5kVNKqR1Q,MUpHuwAHqQLpkUrpDWdrcrmo
ST7cAcebXk6EeDXLRtQZSPnq,MUhcJfDfFjMTkKqW2KfsTavC
ST9eb6KRaCz8bD7CNoEzK9PM,MUvFsRMkumrZYq7VrezZS52d
STcEUAbpwhWjVu3Z442zrXji,MU72vytx3T45Dex2RdLLaenb
ST86EMxXzJShZtZdX7hKHpgt,MUoHd54TeghLpbYU4t93HVBX
ST8SLcfmP7BorWqgwy32pAiv,MU2rTC52PmkEcLPimMXP8x14
ST47mbtht65QiXi84Je2x2Hm,MUv5GEMPS7gdUjbw1M9kZmi9
STeVfciNFMb1XfGhjLTJqZBc,MU71dsFhUKTFrzcPR19LchXk
STeYYbsyttVYS3rZNMnigVD,MUrMxGNwb3oFzTcyKYejq1qS
ST8P8cJqzZgxSwwdMrYDfirR,MUa5AbJcuektxXSM1yLz2sKG
ST26YYRzVBRU5hzKYWs4Dubf,MUcVyU4E4mCBVVJmYQ8PrWo
STh6Mq3ZQtoMDsh1sDjn5Jya,MUu6gmkjZeJeaL9sQfJcZnQK
ST23rNoY7ZMT28NwEQKfMQBD,MUaqiLyXyjRw7EzzFfqDEvop
STfmi1UHuYqBSseXjcC4RMkE,MUsPLb2qXyH4nhSYGD84JC1N
ST84jmQMbS8zapriFDoyixKd,MUi98A8T8DVJsdMufLEbeNAq
ST8LyAU2JcsdmBvqbeu5gPWE,MU3qwxrmQFhAfsXgTiWMS5qf
ST4Mg5we346APfWARxw1eVgt,MUg8aVxScoTPeShrjvRe6EYh
ST4m3hNrD7xy1umJ2AN9xz4i,MUkZNL53fdTz6yV3h8K3mVYc
ST3kR2c5R4JsqVxVQToXQB3p,MUqqxySb4grLRGQY6PpsoTUY
ST2rGnjzL8B1mazDAgsjR5zF,MUadaepEt5M5uKtTq11EjSDq
ST8QqGwsKuhRP8p3bp4jpW3S,MU2hZpn6xREBs2PUUuNc4W2A
ST22XC2Dr8wB8nYvLZAFDWZF,MUdX4csdpz6cEgZLLf7PTfiF
STf6CXMQXKP3CvrnaTL3LKra,MUsPYLiHSZtDmdFAhBaqNELJ
SThYDUiKd4L7p5ES82vVd9YG,MUxrkHMvXUsoYLaMDmpkoxYd
ST2C7ssFHbMc49pjoWWrPQs3,MUokTKopHeE5wMiKJtNPW7J7
STfZZbbwd54u2rDTQGsp1Dfw,MUvzaK9bA4AM8Cneo2XCPiZw
ST8nNgF2VwhgcnyF4paB781v,MUwoA5c4BMUnhTaNWP6wxjtS
STaKj7UAUgbrrugGEU1gh6Ne,MUrVWCNfUNkZDXvnjAFNta4D
ST8acYpJr27b1Gy3rpCjog7V,MUjEanctpAHizskQKALML7WE
ST4yrDyCHd5AyurhWeqVCzGt,MUx1hF7sT76BAyMx9TUzd5r9
STfWuhvZKCqT9RdHXBgXxVJ1,MUrdM2T76TLpkfAstkQEpTbE
SThcG9auWMk6F6BABMbZGzft,MUe5Fzr4xJduzKK7PucN2btt
ST8KAUXDWXvmNMw44q7KmsnM,MU2GETnji5gPkwaH3r6nEkUC
ST9DL8psLGxE1QFCy9muxxTN,MUxiF8kcAHmoJ79fp1Ku5KF
ST8Z8AMva4wSc869C73NX6Py,MU4SjukSnrhCnnAihySYpqtH
ST5ukBCPSooqVJft8YyUUuUX,MU8tkM2Ki46F7BS98uqftzfN
STaamVessxLsTzcZk3YFpvSH,MUrymipzCoCwdh62gaw4BN8a
STaNE281B25HpsWBrxvFk3hK,MUkpvJ2H278VaKRqBZYj915g
ST9JrBRfZK41qTP5EQYRACPN,MUtnMhTNAinDzFdYv1uVehGF
STePLxGEBS5GSBpRFHXXc74o,MUgMTGKPn4PK2vt2sJ1oDCWZ
STbB13LfxwcpibeChZAPkUyT,MUg8aVxScoTPeShrjvRe6EYh
ST6qteSFG4Pw9bqrF8EUvcX8,MUhea1SHs8gEvZbmRZotqQ1G
ST8ZhdCYBjGi7QUFh2e2mDk9,MUmjKqZ2udUXgcFVZG5gvroD
STgpsZJe15q7xPfQPw1osTjz,MUoL8hkmhb8FZSRcdxngomrg
SThuUp1sJXftquyy4USNAUVj,MUtnMhTNAinDzFdYv1uVehGF
ST7idBNBS2Yua1RZ4zuHWQ26,MUmZzTMsFP8C7j9euhaHRMfj
ST8GE38SSjSG7R8jyNPUCr5o,MUgMTGKPn4PK2vt2sJ1oDCWZ
ST8tisRFGsFr9EqHSXDnPk6r,MUwVPnkfKRpAAVaabY7Jc4a1
ST7rkjA3Eud3j6sjs83AHMZp,MUvJSymkBrFCujBs48YVX3kA
ST7chiZuiUL1aMYWEoPXn6mU,MU6XBFA9fJq6fJZ1bZSLKM7f
ST5KVJc2fc3wxukiCHT8sYBe,MUf4KVwkVQJ56V9VGSZxeKvL
ST8HSiDsHgGuaS1iT7ixEEMW,MUcArqcdNpCqTzZML1MSDjAX
ST5mzAQLn73qtrMJRyjSbvuj,MUEmtc1wuE9E43U3cDnpwsC
ST7zN8TYZXtxvgxLxCerQejX,MU4a63Fnbjzf5kxpjB9pDJYG
ST4zWubH81HrKgKdBiQYbMZ2,MUv5GEMPS7gdUjbw1M9kZmi9
ST7936Ka9zAWUPqVpjb7SYUy,MU2k8yK66BJwYczEYqkpX1RC
ST5QbuGWsvBvSKfT1GMcRz1Y,MUindRK4y4xqkQUNo1MuEC1A
ST4iVEKfKDNQRbMzzk89E1Nd,MUxAduL93PV8nNf6nG79eswT
STjMBaNZJ4QZMBnnyqzbEZvB,MUhWCqXFm7XAQBmBaVkWHirQ
STb9tL3fXmL8KN3qjBhUsdxS,MU3GgfeLpbu7bC8cDvdjW4KE
ST8okbzGuLrW17KsR5s8WHgF,MUiRMQCokesoxxrpSyqAJmvr
STa1g4MjSTknvFYuNZcoCrqc,MUvWs5yGPJn8omyDLkzYH2jg
ST57VXVuNZsSGqzi3UAq4ys6,MU4UcvnzyQTjysTsDiAjwGkQ
ST9HV1PqdVAjDcRSbKMjw2e7,MU6SFrdVquZgXzSVF67xW4ij
STd5G9MHBVVmvDoY2q1iynR1,MU3tJ7qAXDRm7ZE6bEvBozbm
STguHAQUVFkP2kFS2q6squTN,MUtnMhTNAinDzFdYv1uVehGF
STim8i97bi5kGct8sujVDRdZ,MULBjLKtbSiuMKyZmHAtdh4
ST2ovYUDtuenNi87sNDXL5oA,MUn28YpQwkv7XbnpeWmes56g
ST35ve7SvWc2ipgNgY2WP7Hu,MUaXrmVd8zDQnLJQyNmLSUpF
STiLLSUsyq7qmwAC1WCCdgq7,MU52JH3SSwewvYVS91wqinbb
ST8aQsHW7cYAwBSxbZGmyWjF,MU9D29dPhmnBfb3vuHHH2qQt
ST9vPvfUB5aUyutKLPMqaxTu,MU5Y2eHvMQKLzJP5WzW3teTR
ST4ai85hKenRpWi7nNK7Hhq2,MUaZB7qCBP15H1n7Qkf5nEma
STaFqgikFsy4X8VAPm8xza3q,MUemK2Dr95pfQkCTzrZsrdos
ST8nRqF7EVM4SwoSY8ypTjTU,MU2LYcdhzFUJDBnYo7Lh2MPd
STjWESKSukJFowPKzj1Xf1Xd,MUih2px5PaWeNwY9wgtfnZaP
ST2WVo8112MEjhQ9RC8NeRvB,MUxAduL93PV8nNf6nG79eswT
STj1ep9FLNJXMz9K5HoSK77b,MUffFvd9F1h8D9djE9VjGaFy
STey2kaNMxUg9rcAyDoJoQmJ,MUmjKqZ2udUXgcFVZG5gvroD
STdy1RMXTkJtCb7fGVVSzz5z,MUpiB3XuF4HUPT2GAja741Hs
ST851kquZn8Rm1xztxpY7Qe9,MUpzr1dbfYCbiXjPr5u7kvAK
ST8HXsmdkdEavHtpvRgKu5km,MU8KtBBMwWtuhVGw7XsoR8u5
STaN66wBD7Kcn58Lry3twZew,MU52JH3SSwewvYVS91wqinbb
STdBt3fiuvqZY6faZWNv58ot,MUtnMhTNAinDzFdYv1uVehGF
ST8QeWGocUW47JMxjXrw2RQp,MUaZB7qCBP15H1n7Qkf5nEma
ST7tyUB3ZZAQ7tNKf3KSUvRx,MUgwpymdYAGjVW9Yxw7dyMa8
STeX5hdrMVWj7MdoKfULj9Zz,MUsHc17hJ7NN5iuZnW9rwDiN
ST4CEE6jX2NACu158rTEcBPy,MUgYgmnmSdAJMLTfZv6dW7rX
STecP18GsYPCqJh3qA1UJidw,MUgcfymUwYdn1wy23G4Bef3y
ST4JdR9DivAZXA4ujXJkW6RE,MUrdjdirHqRGqLUwf7eyuPjU
STeYxkGjrsaJb62kPRn9Ag2q,MUsqXSTaLFM9WTEndFaw2ecC
ST5sPEcj7yzajoDpB8AUFt9U,MUsTRCkXaxH3uEBb1XcpCeJE
ST2vqnzJeFycMnAq5vFNhCkm,MU8KtBBMwWtuhVGw7XsoR8u5
ST7NkuMz6bWqkyGG49cL587w,MU3TpP9nZqkb8SktRxYiY9u5
STjUbTb8DUetWssBxgbDjUaB,MUcVyU4E4mCBVVJmYQ8PrWo
ST3tQ5Y141PvqBP1u9gxEKU2,MU7Bix5pvMH9JKPs1W3zsBVU
STbwiVQzqdgNLTrXEiB5iqua,MUt6EtiBzmB2HzDuS8hLeg8y
ST4jSsppdiCQBj8qyUxQRB3y,MU2ypgn2XmC1ZRrC6CbLJVWA
STafZG1xuF3xAh4E4HV4iS54,MUrX8x6UJUtFpiVgxzEEpN2Y
ST3d3k8xGDTpLQXiiF8CcHy1,MU3ZXJCiy2mJSghqjMLRHxMv
STd1byGmeZkfh2hsqieJ6PNn,MUbhiABJGdtpVsr7Vuc5utHv
ST8S6jNigDmu2fEx1chKG4W8,MU4ALsjTc7684D8w2XaaCxDW
ST58ETYXnz45DjbuYizL13ef,MUqtXxjgmhRwYtDRqtgEppU2
ST4watKGSH8UtjP9pAXux6ZV,MUn41unqUzFPR5QrPptrnuFr
ST4xGTfHRW5GNKAo6XQt6m79,MUoGGsvUeG7RjJheYnEAgy1P
ST4hABfVBpHy3riuzekfPTB9,MU7hauPYAF3LjdHUda5twfRK
ST4aU5JiMRhdmAFkPWMFkB2s,MUrHpfJpKPPiaxzvtgyp3Mcs
ST94EqdqrhGCeAANjN89kh25,MUgYgmnmSdAJMLTfZv6dW7rX
ST62nvVESTX3BRewCYkUw3Kb,MU26eN2Quocs1cxihNw5tBxS
ST5E4iqw7aKBUW24cHTumF9Z,MU3nTvpoUrUUfQFwWTiLQ4jT
ST6JHmYLbuKVXBz9m3MRXsEQ,MUrdjdirHqRGqLUwf7eyuPjU
ST663cQX1SQtPsVnZCGUSEHn,MUioEdbVdd6nXwcczFx6q464
ST3VVdd68fNjyRpw2VT4rdnJ,MUuzz1tTg1Qm9aW7V41oWUyP
SThyfN3teQk36dGM3qL8M1h,MUbhiABJGdtpVsr7Vuc5utHv
STaq2xb6XTBLg7GBYciDAps5,MUs4rJVgg8LvaA3K7fkfvZXN
STaivgPTwEq5j6b3zPXcBisa,MUrX8x6UJUtFpiVgxzEEpN2Y
STbAUHTRScXVuiZvQ6FQqSWk,MUc9pQhTQScA9umrQ9tYDDDW
ST5DTQuXtKREGsrfdPmVFM1M,MU6SFrdVquZgXzSVF67xW4ij
STbGcyCbHdUFBoATvCj8iKA2,MUeRofkGMMEU9Q9kDhjK9RY5
STafQmGFZFCoDWEuyzAjLAJG,MUuF85A7ZzB9TrT9jXEG6cCg
ST9ACx1tpX1TgjvFcy5fkBqe,MUjpiF4FNFjPqW6MT5JP71pb
ST9LR7fqX5Hms29E4vyqp9m6,MUpNHJkdHzuXbEgCW7zQQqo7
ST9pNvLZ5WhaxecNCCJ5huu8,MU3APBDGRDVvPjUaKvhpCxSh
ST9EFDA3LyZM5JLWqJzTmvu2,MUfvMHgNhEjFvngLf4erdVRi
STnnpF9r25CXSWJ1X8pXy9nt,MU4Z1rtr9mApPsNGbYbFfgBY
STdG9ZtB5VXwuYJ75CzjmAh8,MUgwpymdYAGjVW9Yxw7dyMa8
STjJ82HDkFk2WX1ZH1eoMHNi,MUhWGxfVt8qieHDjmthdEEhw
STexdVUHYoqv8stKF5gYggtw,MU5uuAMF5W26A4qcNphbmoDU
STfjLmPkLjcPqhEp6yJSANbW,MUxAduL93PV8nNf6nG79eswT
ST86Bg2v3eNaDnD3vsnPfrMW,MUGr9RDLScMD57Kwr4hjdH
ST3d6ab12RnC8eZcS19pho5y,MUHFEparf42Whr1pyKrmpXz
STgdUZfZ2JVnz3xNc5rGDurT,MUau8FMLoJWd5ixs3rAnLgpj
STeZD1uNwLxxcmRcbdFD32GS,MUwmHSWMxr5vWeq8vBdQarv5
STcfRepyZZh6UpDaK4FgM2T8,MU5SLFmMYh2PXfteKKzuD69R
STjFhYnEXzbb9jVFuKg3kGtA,MU8aKesbEMeuEwtajbf5Bti6
STpD2Ubp1jSe23x3KVfsR6SP,MUkrbGk1g54xRHEaVMz9zW97
STotxRibMxmcpL6JSeMwV5nA,MUjkSvL9iqgb3XDAqES71wDw
STo7wqZGSktPAJ7LU4fTEW2Q,MUwcP3hni16vpyMhikY2tSpZ
STdL5m7WuB7mXbbin55qUSdX,MUrrJNuYQxdAAQsBScYK2RJA
ST47tX1LF2LTtV1KBPdePNjJ,MUokTKopHeE5wMiKJtNPW7J7
STedD9kDzZafxw8DNghKAZs8,MUv5GEMPS7gdUjbw1M9kZmi9
STedzbCfm7GjgGpMkPxzNVzz,MUvpVxVYW1qsL93VaD7sueYT
ST45AdrRoeCzznUPKFGvderA,MU2k8yK66BJwYczEYqkpX1RC
STcFrHT2LMkiSFndwcgQRN5f,MU9JVpY5viJpmZZUspttKpaH
STmCGq8khvUQi7sjhG9iZeQB,MUszrt9TsMBksyEpCbCnXqih
STeUDNDvvpSq8sNFoyYy42ZA,MU3tJ7qAXDRm7ZE6bEvBozbm
STp4HS2a2AF1deEYkPG5mdHs,MU5VFdePaSmtFERFZn9WsA8B
STe4E18Wo1etRUjNvXaYLYEt,MUbaaCgMDFAdhXy2cBzfftsH
SThhZ4awYCN7J49deuet23gk,MU2FjpKU5WKWL2fqmxqip5ap
ST23MNaDDPxR51joCv4MCu5B,MUoydCW1D9JAuKLcNAoymddC
ST4u4XNvcnPvijwDK4b6TEvP,MUvJSymkBrFCujBs48YVX3kA
ST7DuLQ1RKVXPmzeh1faNs4S,MU5SLFmMYh2PXfteKKzuD69R
ST6cfGfFMksdUeeGyJvfp6Gw,MUorq8sHrJXzNz7io1J4Tkz6
ST51eCXX7cySfCAvpxURTm8p,MU8KtBBMwWtuhVGw7XsoR8u5
SToLaCUrCtHBtYNHnC4TiSsR,MUnKPNKqairXxJjruQEHqQ6m
STiLzhvo5JCFRTDWfiXR9SGn,MUoAvY1c8EPdLk16yFo1SHtA
STgqKU89Y3qMALCcdP1g2Srp,MUobRNgBZMicKKyU7G2pbddm
ST3eC32f8WD2hpbXJ5v9sH2j,MUrrjbFUGEWTgbRiM4MWKFdA
ST88f2yL969XDGKsH1Eor1Qn,MUvcNZvhFPSUTspRoEsoAszR
ST5B8P5EhjMQC74Eb2u2ggbG,MU3TpP9nZqkb8SktRxYiY9u5
ST5Mf6cWYfUasdc7x9KjJa4G,MU4TAhPwVGcAmQwNQJGdVGrc
ST8LFzP4GUjTdEmen42t8BGy,MUsn7ViNgHwjhYC2D3KXA4yU
SThp8QmTfxRBaWJQTWBPEexL,MUqDCFDTfmn6tuSmH2o6mjHb
ST5eFWC695hrSN3ap3S8k6ox,MUsHc17hJ7NN5iuZnW9rwDiN
ST8Q1xqxEUkAo4fia7v3wH8o,MU52JH3SSwewvYVS91wqinbb
ST3qxtMaBg5cNi12s5mhqeap,MU6SNMeQGLCqE19ZYAehQBYr
ST96ynddr6pnaWsTmR4hbxaX,MUcvMvo53uArqUodiFGgssbh
STc35ppWe3Up65mTMgT2PLkj,MUhVAhVRo9iShNJaxdRPpK8X
ST8GiweJcTxmN6krBY2vH6mn,MUvJSymkBrFCujBs48YVX3kA
ST8ePxLHE6sH7FrcNnnVSrVu,MUdCVmZzd52aDCTQdsXeMx65
STc1w3Eduu32nPo9FvHts1FE,MU9rjeHhwLpCEKrva8K42EH7
ST8MSoCUZn1kScMsjwURe3ZB,MUsqXSTaLFM9WTEndFaw2ecC
ST8Wz8oyz2Exv8wLXzjsh5yt,MUwaRHuW9Cc11Z7Gp4kV7b1C
STiwLoVgg6zRyHf3dKDg4JXz,MU4svLQZGk7jbRCqTNbtdMZ
ST3QuwkWjayE8v52v6GYaNs7,MUgAKU8KkjeGETA47narEf7w
SThmz5YUiczV7bVDV7ZfaMG8,MUxoqhawWz91yTrBJeEwBqRC
STggdqoZ1Zjy9ytebktXQBt4,MUgMTGKPn4PK2vt2sJ1oDCWZ
ST5LGaaKtzqfKsoGYgNpAyfA,MUrrJNuYQxdAAQsBScYK2RJA
STfmnaB33WAWaFS8ExvtYk6Q,MUrYhNhcRVA8rzeWRDFuDufp
SThMc96oYrYpNh3CqUubLjAe,MUvC6TwUgFYxXJQ1PyVty4cQ
STiuLEaV7A5RKAQ6JSjjpYjb,MU3xZKG47VFh31m95f45Z6AM
STfWoq9cMozuEsFjbeynyVtw,MUw3rWqGucJrvpBV56bsxkDm
STiSL4iUgx9ZkfVayFMZmMfw,MUmxNqt43xsQU8gssGeokPnP
STfhwft8yDrns8gMBP68RM9e,MUtnMhTNAinDzFdYv1uVehGF
STfrKWdxUpSVEJpjbJubmAma,MU92mQprUn6oboK8z3tDC4uC
STj773WCLCNBcwQHPgoCW7zM,MUaZB7qCBP15H1n7Qkf5nEma
SThMRi3QcqjFG8inoCoRCmWL,MU8tkM2Ki46F7BS98uqftzfN
STdDEdCv1kUknXXp68baRAv4,MU3nTvpoUrUUfQFwWTiLQ4jT
STqYxD9r8pTAeo2oizRVtLf2,MU4g5UZMeHwxik7oCWbYdsKp
STaiMAgcSqiVF53KwbajHLYT,MU42Yo8DX43Ru2SYFLL2DJHC
ST3p1DYkvsQcLLS51aGCqCjw,MU3aVbaZfWJocTk7VmFXyGVb
STaX9Skj3xyKuBJvNXGhveoy,MU8aKesbEMeuEwtajbf5Bti6
ST7n4sQnBnNfUEpfvdF7NuC4,MUdpRJEZCf4msgnAqJFLhWbx
SThULyHxL9W8SAwwhNsH8mYk,MU2GETnji5gPkwaH3r6nEkUC
ST9xiLkvAA5eLESi3ZqVWx6r,MUpbtLEYFL1CYpF4irBpT3JJ
STpvvi9yczJ6DeTdSG8i5veL,MUcCXNC8qS5hfNrFJhGfnxMV
STjGGvTY7vmt4waQGi1qx8Fi,MUq6u9VbhBdvt6L7pvSkMsqS
STaLDL692HL6yqsKaFV5uSKe,MUcArqcdNpCqTzZML1MSDjAX
STrVj6PKymmWyrn4Sj3dAYd6,MUc2r9W2FjWwwyoKZmnmnFRU
STjK4J4b6B766TZdd2gMfCSF,MUHFEparf42Whr1pyKrmpXz
STdGDCk4p3B8Eo3GQqRbS3js,MUsRvNUtNAzKbs1aCaiu3xTH
STrpqy9Be1x7nhhLitTuJyPY,MUdGeWXYQp7mRXrNequMuKrk
STjFSKv4hz3cgH58HMG2zteW,MUrp6XZZ4cGNcBzZBBuEyECA
STj4V81prmBddvTAoKwbUtR7,MUvHRV7eC9akUg8maWYu5oYU
STiNAgYaZABSiwryyDYsPmZZ,MUsBznSNHqWnD5xfyJpYJwVd
STj1Evzqa1dnVYXofRpd3FD,MU6fxaBQ9gaKuC1YiwKt8VFj
STjX1UPJ9o6hYbzAsU5T5HMa,MUscz5kfFn2ZhurJYY4nFTNr
STjApbgGYA6T3EjqGBoFXd3N,MUwX8b2um6o2SPN6PATGx41p
SThmdtgqjQY79GJnJkWTDV97,MU7aDTJFCVkV5haHKZwHbivR
ST92hpkHzd7JWjHzsE1fvFfh,MUa6ZxKou7HgQtiqznJYshWZ
ST3UBVwnuL5ZgvbDfNRpJPKS,MUuy5fTrfNDELJA93DjKHvvM
ST3HR71x7bzftx4xbQTzJUnU,MUggoFa7hU9NwhTKK1Fckj12
STj29riy2dUDorZgsjgGfZ4u,MUuXHJMmSusE3hU9muUP5haL
STjA5SfHyCQ5TesTYi9diYtu,MUc9pQhTQScA9umrQ9tYDDDW
STjJ2heoJNrbjbxGebRWmPcQ,MUbxrN3Qs5ZBtHt8DEQMabju
STiZthNQPxEgbMgkbWYZAoRT,MU2aWLf3NqGyQQhCAqY28Qh5
STjHhmHKasnSHUKbPpjjBuj8,MUrid133G5yzjJYvzZbQgZUf
STjTaxTk6JLs51WFqdaCLjJc,MUrX8x6UJUtFpiVgxzEEpN2Y
STdh7TE2yf5nR8XcgeLowGMj,MU8mVcoDcS6SjwFavFXJtQG3
STd3Hf6226n9SQoFjASVJHLg,MUcRk8TW6DPRpHaBSwxESpos
STeEo2ApdBa7fneoj5kMAkS3,MUwJ7fCTQNCsvyGAbfAKsXnG
SThiV1ni2xxDLQBk48wR8PxQ,MUhvyFRaZWBnGp9SQJqti6EN
ST5hYaGYnyoNPM9Kcfumop8i,MUwJ7fCTQNCsvyGAbfAKsXnG
SThXKCRaHhcu8xcF7zG2T13y,MU755WiFjpCPGpcySXmxHkjA
STe1ERB6UvzjaVsXFWit7tC7,MUacM37VLaKu5d2tAUaiDXVT
STe9owTTCHdtUmk9FXgSVYqC,MU3TpP9nZqkb8SktRxYiY9u5
STmfQuMkBtQGaHzJXfgaS6x7,MU99o5j4qgPomu7mqtBLCZM3
STkhnFMuHD39SXSaF4VMutoF,MUceEmczDUPCc3GgA32pDxUc
STnQ6cu36yutz1x3RJEcMKbh,MUpZZJQ2yfpFDnjhv7HumcLe
SToaA6yQvYwW1uSrmwtSraD7,MUgcfymUwYdn1wy23G4Bef3y
STiznAgaK13MR4YD1sc7uJXK,MU3APBDGRDVvPjUaKvhpCxSh
SThzt19w3VJfqgxY9GyME5Rn,MUx9Lj9xfMBteCpdHQK54C2a
STjVEQx5svDPDWWikTzRxNx2,MUr1ChzjHpmLALnmPGxDdMsK
SToSzm8pVRf7dTLLLsn7BKzk,MUu8Y8ohTMm7xb1C4t6BczPc
STjcuEGFdar16Axr1L3T42vX,MUfAcHSoWJMbnuAasFsoZRDn
STrg6h2GJcc4anDwgMxa7CbA,MUgneNUji3NAiizeHdNZ8562
STfLryA8kHduNHDyfKnRLF5y,MUsTmJVEVPnraQVHQbwHbsWZ
STcXpf3uppEVNmjQoY6MBvGH,MU62Jyj7uhSLtPGvXTAaH5gg
STjQH5fp4pzfyX5abAHFUpJZ,MUvJ2zdrebrSNkWzeMHbACta
STiTHwvtB92xTV3gyD3r5NkA,MUv1rS5fnSnzQr6RPqP8YWup
STjERfbxjPrXr1W7xvtarZK9,MUuQVVjH2PiK4gUnQPEDctWe
STjrxH9rtpWVoPFDSu6ASVEt,MU6viuf97ai2ygyWc92vixjS
STnUgxyoKK1tS435jynq1TA4,MUwQZkiWuM4qZ5EdM44soxbQ
STmnXZz1ZAqZkndF35xmkJos,MUfXamd7Rh1vxSB1ygCewNJL
STouMt62chFGZKjk1rX9LFLV,MUsQuKzeG8y8K9W645nRPoph
STjDHx8caRztLQYGpqBkk7GY,MU3vFMTZvq5smzuaYUSawVFW
STorVMrfXe6ZPRNxNj1SiiMB,MUiu44F4nNSG4piQMQeptbjE
STrmibnjBwfuQe2FMtw2t2pc,MUiPHeAUZAAUHXzYxnPgY6Ma
STrf3q17Cf42zqGzaZDRP9xJ,MUnevrhHk5sypodFJFddBsVo
STjULi6Cjd91WU7p1YchS1v8,MUn8ZBvsPK6qjLwRdRoYpRwD
STepcnJ86F8LaGzaLyBEsAAh,MU5ThwSAHMpoJJR67MG5exBk
STsBp2rvq8UR66A8sp4dTS29,MUfnmoGZ4X8uXc8okfBY87SY
STobZLz6bBm5GK7k2A8jQRyZ,MUHFEparf42Whr1pyKrmpXz
STqcwJN1Cyw4ncHGzZB4p1Qx,MUjFs7Qm9eNSvhijXQwcjxpK
STiQY9shbcn3NweSha9RG43w,MU2GETnji5gPkwaH3r6nEkUC
STjWcDUTUz6sqDmd2FjkFMn2,MUgNJdMTQs7XyXwx4S2SSA9G
STj2o5aVBSU5pJNTsnUxxBgB,MU7H96zbJanysr8TqHasJpFU
STjMnNxANpXy8fTrrMrVVmz4,MUkpvJ2H278VaKRqBZYj915g
STe4v4VTufztfJQ1cdFX17vU,MUvgiXUr83KLYWeUmjbuFgma
STnND5rASDaQjc1gfGg4cBYa,MUkyRrVmFyB1cupv7TDjmED6
STftcDkae4D1er9q2ctkSkis,MUokTKopHeE5wMiKJtNPW7J7
STsH7KXKZKSjNCxNckZYhGd1,MU5eVPBfwpGEBaVNSiyVECnc
STisAxukTFYZ4qaAhLctF4vC,MUqy4BcihCXWwweznHh3H8HK
STo7jdqCT8Hhps4wHVhCkQUE,MUwVAh6XiQ7nx9LY6iNJaMSp
STnC3QSkyv66WaUt6sUUoSfA,MUbXyGJxEuT6ad3bJGDsR1on
STjj6ccRV4oDZa14MYk59dV1,MUxAduL93PV8nNf6nG79eswT
STqswfFhzxaYKwzGoX9aZ2zf,MUfUzrsPJboJLZKpexRvp3vt
STcCc3BfkWkfmTFpCSQpkERc,MUea2Eq3w1RLdvQowA2nRCWe
ST9pZ4AyX4uS3AqHr8nnPBx7,MUd6zLJHgodc4UUsyfgvawVk
STiMPEokTAHpLoaRNvwq9phV,MU6J1BuGFemUCUUvqUpDddyS
STb1Jx8hp4kYHcxn4om7gC1d,MU92mQprUn6oboK8z3tDC4uC
STpVATSXSdfN7p2o62G7Z64s,MUrgZsBWsGEfXoTJCH1NGz7p
STgLykJSArSrALUEGVpZ8yNe,MUxj94V2EYsDYZ81jLtfmcT2
STrwT8BZwSLDxrRZK23P46XS,MUv2zGFXPmgi1346qM4tUZ8T
ST9xnnsQc7zALvGZzDx3EVHr,MU6SNMeQGLCqE19ZYAehQBYr
STfq6sJMPWTV3zXmRxhZeJig,MU7NHVAEt4qZTwCzwazUgdgU
ST9cHYKbx35TmW842Q9modJ9,MUbWsUGndGy5gsvX3B1gXR2e
STro5CBBn2u6fSGRCtDJ6aVK,MUkyRrVmFyB1cupv7TDjmED6
STeYkZMMNdqrxShJt1Dr827p,MUrTbPPJeEBgCYsMKRLPJYgz
STnVQoLRfFaDyTbc8nvPkhT6,MUsjXWvnFSgPjAEPgis7cSAv
STkigAraTqHyCVUncB2eW7XC,MUxBaSiELrA72FyR34ySpdQB
STqLQnkSpyZekASLCa6gRAYi,MUfP6EbfCdfZeUspZ9oLYJ7m
STosNEFYqvU1aGePCFRQJVQr,MU3XYUkWVu41WNdrL5d2bEY
STjAf4Z3UhdyNAERPbuyo7Lg,MUgusMQxuH894LG9doNus3kK
STjLkhnBp92Dspw4ePMQAEeX,MU6N4iE9hFdJ6AkDJPRQLsnf
STkqfhgGfpvhXnqK33NTFXc2,MU6pL5hKZiyedvoJ1ro6H5Ut
STjRFMXozJbPuhb1YAE6eniB,MUiDpKAEnEvwLXqyd6ki91Tc
STjTkbTWfK6CvSqm7cRdQ3ML,MUpmaouhrt6he4m7BWjxpcQ4
SThncafxLwRo6jaaSKdansH,MU6NdMQNjQZreEp1aTibrqg5
STmdk4cR4WpqBQ8duR7dMFGd,MUohouEBRf5Bf351h788czJE
STfpR63V9svftWSU7NtzxaMg,MUgy3TLivaAhUvvJ3SJBtTVm
STdtjSHPMmhfggcSTJs2Zpft,MUnHTkbXaVbpAvTMui9Y3ZVh
STaKhuwooNCxiWqdKmJxn7Ni,MU52JH3SSwewvYVS91wqinbb
STnTyy5wgEv6gLUCscUM1RxU,MU3APBDGRDVvPjUaKvhpCxSh
STdkyczqPVyPXYedvXGAvR1C,MUchE13gcT43mW91vgmKa4VK
STfN4Ff4YCuZNeQfb5pCjWer,MUcVyU4E4mCBVVJmYQ8PrWo
STm8f6nk5rQkJ8LhtjMtU4PZ,MUdXidcyZR11Uu5QbU1XyZRd
STjzyb2GcqzFUkAJArn5Qv3g,MUvp7Gr1DHvXveea6vTwLJm7
SThJYDhARFgpUA5jwCg9mzP,MU28mZKb7uwt2kb3cewKgSg
STfdqtPu9FCq6HUttDz6FG4K,MU6viuf97ai2ygyWc92vixjS
STgSS8vk1UnGNae2krCxKT2Z,MU7e81SW4yuQCp6JLu95otF1
ST8ctrCQAVh8cS72jhbC3wmg,MU78NnXbX5MiEDBBftJeeFZr
STbLumbHdMdt6UZPD8xunYZ9,MUrK2zF2Jsvbc2VkuxhA9Pbf
STnVFJHWsKQ8mKcWZNJwf51F,MUkQQCt83fqy8JY5w3K18Vps
STeMAUYr1VJvCrdwdsEw3u7v,MU71dsFhUKTFrzcPR19LchXk
STXZj3F9f24pTtTkx2fhKG8,MU52JH3SSwewvYVS91wqinbb
STsH9hGSQBJw8muZuUFLbBPJ,MUjMu3EzZ4TbgPMjULbnrjkB
ST9ZpLKsGocFqLFc6WGpETSf,MUhw7SX9jRSKtkFg1xGTPFsL
STovSujbhUabZPLo9QFbtDXJ,MUaBsv72narhmBK4eJctAYmB
STk4DYdxPCB33kSE9cXtrg7J,MUpZZJQ2yfpFDnjhv7HumcLe
STrZN4S5KY5wEFWeo1Zz5RTB,MUb1KJ6mKbKoQVZAXuyXyfzE
STdcmdNqUyD8XVbTnKkzaxip,MUadaepEt5M5uKtTq11EjSDq
STc35NKgm8SQkHrCCXqmTBjL,MU3vFMTZvq5smzuaYUSawVFW
STdhozPqEug3a85giZmyCXmJ,MUtnMhTNAinDzFdYv1uVehGF
STgA6i9STnP362MhnHpNhukP,MUk8BN64yZ5pcVXFDmPPat2W
ST8K4QE96XkQNmT4DTcssrJc,MU4ooLjhCpcPzy6qcJq771jV
STddTRNJJ46vEitdMLeFP7G5,MUsPYLiHSZtDmdFAhBaqNELJ
STdoTfnAbYbC9QouSbe3oMZN,MUkZNL53fdTz6yV3h8K3mVYc
STru1LmShNCMNzHxKaLoFGMU,MU6JubuU7BXMEe3c9U7W4ndw
ST9sMhV5ZGCoiKt29yyoDDBW,MUjFs7Qm9eNSvhijXQwcjxpK
STruDVtBWVpoAoBSCe5V7YXQ,MUgaogy8SyKF253k51uVnRb6
STgGcWLh5VR2AVs8J7JiaYoE,MUcrH4gWkHfcpGU2BAfmRZwT
STsFoYwRFC1rNMhp5L1Jb13M,MUaoGvSVDSfTBQTUr2dZCT8p
STeGPZCfH1Vw3pjA155SYZxF,MUtix8t3gDwrwaLsqjy9QEfP
STUm5HNpQ8VAaqveg18xs9F,MUwc5V4c5a81Ym397UxkSMtS
STjryCWyvb7FsGmiweGnPreR,MUpC2pZAsYs6Kk71coPoGtLr
STkejFdLEAT16Wk32FDCXEpT,MU5bTMyWgEspf33n9Hi18sqe
STjqMewy5tM8a745SfYu1eXG,MUjf5emvVfPxpn53WMisYbiV
STjreYFPGAwgvMiwrzk5MCxp,MU6XBFA9fJq6fJZ1bZSLKM7f
STdwEqfuU6ZYgidE5dRArqk3,MUiPHeAUZAAUHXzYxnPgY6Ma
STrmsiUrB623jgsRRg7kWJcU,MUhmpsj65MEzAWfyyCUGaPnU
STkZ3HV57qQUiPnMCsq8kvDD,MUrHk4rL8vsnktdgUEmW5zXn
STmBeuxaVXfNiJwBSNYE5s1N,MUv5ENPkkfUqS41yHU5VmXc7
STgEsnTWs8zqfB5hE2hh7NZd,MU28mZKb7uwt2kb3cewKgSg
STfp1XPrnCCzT5KTp6MHFNEV,MUpzr1dbfYCbiXjPr5u7kvAK
STktNA8AchwXcKBoMcv9SWuC,MU8mvn18pXed9VaRyfne3TUF
STgMrt1cEMAcbFJhpCZ9q6au,MUx1hF7sT76BAyMx9TUzd5r9
STaFTeZTuW2i2aVihouGE6M2,MU8tkM2Ki46F7BS98uqftzfN
STavmt72iLPSDobuxZZQrsPy,MUpNHJkdHzuXbEgCW7zQQqo7
STeMGJShARK9ZQhPv4BX8xES,MUadaepEt5M5uKtTq11EjSDq
STrc7GYdWgmBgi2tPwCMsW69,MUp8cW4cZuKJ8TNqoTiCNTMq
STktoxDEeXkeAu1UVib2Fyvy,MUjkSvL9iqgb3XDAqES71wDw
STg8o1hjA2D4sF6e9CxuG1kh,MUvaBpJiTEfvpxVDTAJ6H9Hg
STknBdv57FmMcfrLu24b7y2E,MUg78zRQYrjH9FeSvh49s7Lm
STkoGv8XiLTD8gMWGB77kxkw,MUuceT8X1SPeKw7dhfQbfPJC
STm5iL8iYUjxoTMiduzUnBFP,MUfFzrRdrgbUBzZN13tgspRX
STmF3riRzEHF86Jzat5cd3TY,MUnGtBQWMe71L68u7Xuaagkw
STn4gu6P1YUHSmmG4zpyJ1Wg,MUf6XeiGs3dZTgSNUwM6LSqK
STrpKiwSjSByqLmn1A5BK8rT,MUdiTWPcPyCfAHTgWFVrdFWW
STeiCeJBLDmcojndLcRCqctY,MUvWs5yGPJn8omyDLkzYH2jg
STrhkon84oQWZkCC3amCGad3,MUrVWCNfUNkZDXvnjAFNta4D
STnyN2vBWmrwKa4aqZv7nxmD,MUt6AmEi9ggT54FUMXBpJpPT
STmssB8ADJBg4oXLiPGjtHdZ,MUnMrTqDSwa8kZA9h2aza4g
STqxsg8xUGtGZshmnkZdfYrB,MUjqxNhqF49BxFnHxT3vKEGq
STqbMsJoPhjfv48Lm4UX8vXZ,MU2z712cqhgctaeB96fiBT8A
STfezDMJ3Rk7e1XKqemPoq3V,MUdX4csdpz6cEgZLLf7PTfiF
STokSZAEywCpH54TZ1KPgFay,MU3qwxrmQFhAfsXgTiWMS5qf
STnipBq7foAJD3ZrRsPNE7wz,MUivDWEs8oqaNpJhDEpRsBPk
STrTiVbaLCtyTa1ombREfhyZ,MUoax7ZoADa4BacUgCr3ceu9
STmQT9K4WYGZZj7t95kJQzY4,MUpT6kPWz8eVcd3eHFSbGqxL
STmdeQ2TBXYAez3fXDiA23vN,MU3rxZjLKUJRvGcuBtKiLM9B
STcrWhxSGdCLsxHSmRvKoBfy,MUe9ckBCMAju9uc8sFmuQh8i
STrViLUCpLZihsV9acNFUX1t,MUih2px5PaWeNwY9wgtfnZaP
STpS9kbEhzqw3Grxs2JZZDqr,MUuwL1BnhZnaLfXJjKMVoLjY
STrviiVjLcggwkUQrcc3bwri,MU54zxhvgdvaB2WFrB8yngFt
STogPD763vCmFkQBbsp5zHSV,MUcrH4gWkHfcpGU2BAfmRZwT
STpXt4v5cyZJJmVqaTfu7aFn,MUjN459MnxNwC3pSGTqHv8Wi
STs6vnE3qBs4ef76onXzhG7m,MU8jJjMYsWKzAVszVGxfdwmS
STs63SKgjwrPqSAfzcdEriUY,MUi5he2VLuFtXUVaC3NWWvx5
STcnMsuxujDoKmD1YuS6ErGP,MU9rjeHhwLpCEKrva8K42EH7
STmkDyUevL7cre69JkRzpWu9,MUogX2KNoKaKMj3sAKNaxNTS
STmrBnL8LCyAcJvoQouGnRoU,MUxhbAUmXDvW69jvBy5P2TEe
STpHqPjNSaqNpVBUMdQJNbBV,MUfGujvMrj9LnR1bs6rBinGi
STpQuRcPxb7BMSRS6TQ2AEQL,MUbhiABJGdtpVsr7Vuc5utHv
STo2V5r2jRKgx5agAgfpLAER,MUoPQRJg8KRoJmTkDpvzDdpf
STmzBjA5UKNWckBnW4MGR6JN,MU9PURjaTu3daY4zV9XR96B
SToEkz2zDMJZaaXJ7cJ46tAX,MUww8e311P2GeZT3r8pGszUN
STrdv55DFVtJUHGpJ3beT7pY,MUgYQABgATE33WJ4cpugv7Jk
STqBVhwwDMFVd7e3T7f8unQS,MUk8BN64yZ5pcVXFDmPPat2W
STg8Qcg5E2ZT1jGLGArsvCiH,MUioEdbVdd6nXwcczFx6q464
STfZbQ3uegNFmRFobCnQxN5N,MU9JVpY5viJpmZZUspttKpaH
STsHHdtvFyEMcepCMUnEnHkn,MUaZB7qCBP15H1n7Qkf5nEma
STf7gz4hDik6CsPBnpsVfCQt,MU3ZXJCiy2mJSghqjMLRHxMv
STcUMb2ntquGDNmvm14AE8Vb,MUhVAhVRo9iShNJaxdRPpK8X
STcPMhW3GQf4uxSkNFBe2oG3,MUt4asg7XsbDSTZFxct2scTr
STe2BBvcXASXgVrvX9nboB1W,MUuQVVjH2PiK4gUnQPEDctWe
STpMS56dHdP7R39aDmVsEB6s,MU2rTC52PmkEcLPimMXP8x14
STqTy684RuvEump7zBE7PwT9,MUn2VSjj4pVMNMhFms5VXrBY
STruFHrNqnkU5HcqdjhUY2K4,MUhwcbBBReS4JD786mw3wr3Q
STrziLgyX3ZtiyhjD4K2Anvb,MU99kNSrT6rNAjeYbtgohvyM
STqT5X7hnRSEfqGRaMTMT5Y6,MUavHHY8xSBjmY9TKjBH98Qz
STqS16tBK5HosBnQ1xVvnXba,MUsKiSm67io8eqkeKxEa7eyd
STs9heYErbbqmcaWeXehM4DC,MU4sKCKANrvcksdY7C45QLZP
STqh3UAM2a62gGbfjg3Rp7Lo,MU6AueLfLGobgp98N8YgWA51
STfmFiZC8n1wr8tMF6UdQMGa,MUrzPJzpsSQ21j5SDp96Y7g1
STqQgx45nGNC4CyM8bp83Emu,MUmjKqZ2udUXgcFVZG5gvroD
STfevAmA5yK2MWa2fDeiQAAe,MU6pL5hKZiyedvoJ1ro6H5Ut
STre1jxfiacue86LUAY2GeWE,MUk437xDBCkyPovFGJYn9c6d
STsXvJZibi6FHQYJ3teBn4hU,MUf4KVwkVQJ56V9VGSZxeKvL
STrRfo8zzbaBSATxZNynrd36,MU72vytx3T45Dex2RdLLaenb
STszY57p5REj6h1zaKfdwCDp,MUmeMvNDHZfZQJegzC3T1Yj9
STsYbwHaP9QKV6sHYxeEnTop,MU7H96zbJanysr8TqHasJpFU
STsstRbpXauGTTbCAq4u6yhu,MUobRNgBZMicKKyU7G2pbddm
STsWugE4dUqA8G8DCUfLtf1d,MULBjLKtbSiuMKyZmHAtdh4
STsHZMteKT5hmA58rZTnKQ5w,MUindRK4y4xqkQUNo1MuEC1A
STgFBnnTyyGmAgk7DmkVmsDi,MUggoFa7hU9NwhTKK1Fckj12
STrnMNjZACdYpVLM9rhaS5bh,MUmLQHDz9ih8Q7sk2khahP7
STgca8xLUMrPnUcxScemUoBo,MU7y2AGYDnbrFJoCSWg2y5iF
STftJVw1WneAgofNiEiAxnB,MU2hZpn6xREBs2PUUuNc4W2A
STfsMNetjzzGvGBYMx3PJCaf,MUea2Eq3w1RLdvQowA2nRCWe
STi9C1SXP8MSvgjobtjE66Qs,MUcy7SyTDJV5hJQWNZK3pvJP
STsuFEJ7kztKhKJVJA96P718,MU3dkCv3kAdHn4v4mVZ5RdqG
STtgw4wLJNBNcndUR1ydBqNe,MUxAduL93PV8nNf6nG79eswT
STtSn4hHwjxFDpbCndHEFmCH,MUuK6MZAe2bVY4xssvax8cE8
STffFq2u36XkuNAvrTsskTfk,MUksRevX3DoCk5J7wTMHqD7B
STjoPS6BKpPeCsuDqvQmkbpo,MUe5Fzr4xJduzKK7PucN2btt
STkC9sFzG7y6AFmcKeSKDazz,MUpC2pZAsYs6Kk71coPoGtLr
STm3juynPhwLDaUTEFVj97v2,MUaeb3sPXpEw6wpqCAxvm4Js
STjyXcYXr6tQKnVGBXaqaR2j,MU3tJ7qAXDRm7ZE6bEvBozbm
STjyKiciQ3rJHFw3oF661jY8,MUoPSKjDeFwQT3FqLx3sFnR6
STsnZk81GkcJg9SNCJzH7Sca,MUbufRYJ1Zy5z3a89sAt2ybn
STswvyFZB1xxuio2caMvPRyb,MUasXXQX1sZdhTa9ULLrHNhf
STw9xP497p3JK2YGgH3T1RM7,MUjqxNhqF49BxFnHxT3vKEGq
STvsWEqgfuRqd4BJxiSPk1qn,MUcHefGFu86e7o25P8U8mumv
STjxMMonh6fGofMGFRgcpMSC,MUeRofkGMMEU9Q9kDhjK9RY5
STkip6t1hMg3ksWqXiSxME4c,MU3ZXJCiy2mJSghqjMLRHxMv
STwMhXYWzahRawB4LE4H8xFr,MUxj94V2EYsDYZ81jLtfmcT2
STwookabFPyWSVm3n6YLch5d,MU9KezzDGvatFzrRZcAbQ7GD
STmqWT8LwMSxHkVUL1fa7kS4,MUdpRJEZCf4msgnAqJFLhWbx
STmv3VLsR2quEZ4E4V1ymX7i,MUqEWxMKh1YVYFFSdB6PgT9q
STtF7q5m6Nj8qdrtbWjjXkYK,MUh75fnfQNvircvpELS9LvTv
STvjREML8jN9jHXPP2dUfxx,MUjW8dJVANYWy3kGYduKkvda
STuQaYuSauB9sbnbp5dQXsXh,MUwe7BY367eLiRMxDb69iRMS
STjvxHKRo8KbFdBpd6M6acT3,MUmrCFRndtB1HWYWrD3p93VY
STkCAW6teFh2bDAQeZv9VGa7,MU3APBDGRDVvPjUaKvhpCxSh
STx7ixRL2tQd13HrFWvEEwzP,MUs4x9K2aedmgZv2hZYnj4Wa
STwiXisHQsKUHzE1cfrrZXPU,MUpdncpV8R7NYua3KpxqG1fA
STmvtN4wjPi17xFqqrseLcac,MUfGbune2tc1cFUcFpsc9mA3
STujgEsar1eYSTU25ATmXnbz,MUwypMu6oickuxfXn9ocmGvP
STt5QfH7NwFAcEvZS4e4im2V,MUadaepEt5M5uKtTq11EjSDq
STnxd6x8nc7WEFZ9bNzf3MDa,MU72vytx3T45Dex2RdLLaenb
STwXU1LMmEadwuuGJzmw6QgA,MU99kNSrT6rNAjeYbtgohvyM
STsczyDSxrbZK3MwvzNWQAfv,MUi7UVJHaGd5KRbAkppzg3ZR
ST9zAjomKNedS7tEe5kok2fx,MUtnMhTNAinDzFdYv1uVehGF
ST9nMzQfsBN8EQoPXvuxxba7,MUmxqTrfE7snaMo729z4tAVq
STwoGmsVb63yo7yxFVw9fhpV,MUrVWCNfUNkZDXvnjAFNta4D
STkknczHbuc5iqP5ESNtYUur,MUi98A8T8DVJsdMufLEbeNAq
STk7XrXPXqKmvE9Q5tA4gWTX,MU4g7EJkQGSfwJbvhGTAz3GW
STmCP7A5pomApKjnSqhpSKK2,MUqtXxjgmhRwYtDRqtgEppU2
STmiU321R6iZDwojbSHf39mr,MUrymipzCoCwdh62gaw4BN8a
STnbn737Gw27Ddi9SpKRSB1q,MUjgkS3wfyMhKEGw3wk6p843
STmTjFWJ4zjq8rEZFZPvkSmS,MU28mZKb7uwt2kb3cewKgSg
STtoCngn49uEkyFKM66USaZ8,MUdXidcyZR11Uu5QbU1XyZRd
STwNUjkoB3Znd8mVT459Rvdh,MU9KezzDGvatFzrRZcAbQ7GD
STw4AosoSP5wjmXrYEBsfgfW,MUtkwJYYciFSf6UFa9s2SA6
STbUQpnKMXRp8uDudHQYWYyd,MU3N9NWYTPbYkBcayynMvx1v
STwB5U7Yd4u7ou1CRhLyCWyy,MUxiF8kcAHmoJ79fp1Ku5KF
STnW85BSBKQnhC6DnNgC7ZBx,MU8f3Qy7ZMYVDNvXCYq4VvXZ
SToLG1hnS8CDCpo3HxqvvTnK,MUrp5zBcCdV9NFZsTWFkA5ss
STpGExJ8HqMecYdAmhw7WqQs,MUkpvJ2H278VaKRqBZYj915g
STootiYSdnDw8Z1VJHhmRhq1,MU999EAo92d426FxKu915aDV
ST8toeQhUzu4WVPDboFKBbYq,MU99anCTpes9e5XK28H6LVLD
STpysN1Gzt97sde2v2XtjccS,MU4SjukSnrhCnnAihySYpqtH
STwYDrqAjmVhAUpmj8bm8bsH,MUsPLb2qXyH4nhSYGD84JC1N
STwzfYbNUCTJPoCqADG6xK3V,MU6pL5hKZiyedvoJ1ro6H5Ut
STbEzSS83ZWGed7Cec5ZGNhu,MUjFs7Qm9eNSvhijXQwcjxpK
STa4CdcUgCt4BEUNDwndwU97,MUcrH4gWkHfcpGU2BAfmRZwT
STaHxbBwsmsH4M1DLMb7BaWD,MUx1hF7sT76BAyMx9TUzd5r9
STmxqM6WgZ9yZGx29bjvzqLU,MUmt326RLaaqiiL7NnbGSU6g
STnYMRJtMH6XZgY3oKKzkKFr,MUxcRnZuYzAuFTjfkN1De36s
STp6xzxb3HF6HgDLWNBeLoBA,MUkQQCt83fqy8JY5w3K18Vps
STnPfLreBKZfFiVoWhXsK54z,MUaTdg8v2ZeJ2iNcqLi5y2Ev
STnanmFaUFrxyQMSm3nvWMR7,MUqDCFDTfmn6tuSmH2o6mjHb
STsXcXr6UPYQjQ3UmZ5i2jKJ,MUdCVmZzd52aDCTQdsXeMx65
STsghpCVUrYU6uWYY6hgAXxu,MUtnMhTNAinDzFdYv1uVehGF
STw2xGjQsmQqMqK9G2NgVUgp,MUoMkSeq7xph95NEpMqaridn
ST8LE98CNAPLt1vmWLS3BNun,MU999EAo92d426FxKu915aDV
STshN5LSn1L8XnRGVnbik6mn,MUvWs5yGPJn8omyDLkzYH2jg
STdMM43Yn4K42NToN5QF762u,MUqVUdrN4DwKVdB7ZHQMFro9
STpPTp8dPgKnzWe9JX8fntB8,MUnMrTqDSwa8kZA9h2aza4g
STuDe2xJFT7H7M9gvCfd7ow5,MU9rjeHhwLpCEKrva8K42EH7
STscuLeWvw7iW9wdmTo4vaxS,MU6viuf97ai2ygyWc92vixjS
STqE4ke6KnEwGbTZpZQC67T4,MUmZzTMsFP8C7j9euhaHRMfj
STpKY2jG5RBBiVivoxerhYt6,MU4VFQBLWmoe1xHv37CdBg2X
STso6Xt8TiZ1gwEYibcKCWUD,MU3HDiwcQGjKneWfQzqTvPVM
STvjizhdci665sP5vYXY1e8j,MUuDDS9AYdJZMW74cURebLgV
STvwzYk434znJnX2666VZxkJ,MU4ooLjhCpcPzy6qcJq771jV
STvmbhztb4JTngvekCimFqNF,MUf4KVwkVQJ56V9VGSZxeKvL
STcc44hys491EbPTt1D3Nc6p,MU8mVcoDcS6SjwFavFXJtQG3
STqGoJXSQZrH2ncyGmGPwz9R,MU2GETnji5gPkwaH3r6nEkUC
STaXoqkNhzVKavQ3jxgVpLsZ,MUk8BN64yZ5pcVXFDmPPat2W
STqdHjnbb4wL4p1KWmLBt9sZ,MU8tkM2Ki46F7BS98uqftzfN
ST9LYZs8tgMXph5gZLZCs5Pq,MU5oCvnmbi4PvUSDneJzgABY
STaYJcz8tivvfu4wLWJgpKQ5,MUtCH5X4k5CvxNciqURxAp2U
STwgfNJoqWxuDD2wgHPBx4TG,MUgusMQxuH894LG9doNus3kK
STsbwwQyNReJanVzmLc7tvQD,MUwjcJqfnuwR1FyDosx1HSxb
STw2FNN9SaZ7mfKeZawjpQt7,MUjWnPEn3SXu34fDwLbg7K2G
STuULHQp5GDGfxEWFNesxUAK,MUknPb2nr25sk8ZtQ7P9EHtw
STaLJKGUTXn9zjHwDgzALYSH,MU2M17dRXN2WcV3UYs9eVmKB
STaL6AgUAyvWbQtrsQ5PETKD,MU8KtBBMwWtuhVGw7XsoR8u5
STakqh7r7FXb83BR5GPS54R4,MUh8pUZsg7CYs5yeAEWWqka
ST8b4MZWQVxf2iHNDNTmSQiD,MUrHNpaQfxT6zsityWivykJh
ST8vXZLfWj6ygj24dA9hc6wT,MUcArqcdNpCqTzZML1MSDjAX
STdPX97nYmvMhz2mnJL9giCa,MUnMdFhxCRuFpHt5nuEuAMDa
STsj2m1HZTRqYhKwFU6CA4Aq,MUgYgmnmSdAJMLTfZv6dW7rX
STu1FaW8vyYaL9UqV18mhzsz,MU26eN2Quocs1cxihNw5tBxS
STudeV96w5V54Q5v7QE5CRLP,MUjf5emvVfPxpn53WMisYbiV
STvyPkNgQaFzJx75FjvQbSd8,MUwcP3hni16vpyMhikY2tSpZ
STvpkveMiwWJvoLmkKSVX88P,MU2bZ7eEeAaNVWC1F1VaPWc9
STvci6Hv18jeyEdSN5Z4eEgQ,MU3vFMTZvq5smzuaYUSawVFW
STgmC6Q3YPDkK3N2hsyaN8v2,MU92yXmDLCU9NTvWhpt2897a
ST9jPTSdUK4ToSd5PEYFWsuD,MU4rjqz4dqwTC3XrHvWwrsGV
STwkJEr4RPrbZQBhVtjteNhk,MUpzr1dbfYCbiXjPr5u7kvAK
STdydAeNRk3rdSQwiJniVMcm,MU999EAo92d426FxKu915aDV
STa9fy5B8HYpfvGx3ZQ2sk42,MUfEZNd8fYsZAXP5Sr2CsHtz
STc2JFvCo2KSRsSL4SN4QDzw,MU4g5UZMeHwxik7oCWbYdsKp
STx2zhN9yJjRbMS1pYgVufd4,MUcvMvo53uArqUodiFGgssbh
STtdM6PtrgGpm6h7PHJZr5Bp,MUhS4PN6HFgUcNCvXDJdRkcc
ST9JKXdiKTbnanxNWhKiP7No,MUoydCW1D9JAuKLcNAoymddC
STtH2Ycti9Zu244Rq4CFVB66,MUHugQ4VHj91Qs23RJZbdpG
STtrTAFshikB1qHnDpVQM3Ym,MUtnMhTNAinDzFdYv1uVehGF
STrM8QmyrZyszZjEsxUpsvD9,MU3tJ7qAXDRm7ZE6bEvBozbm
STwMemRFDLzJfyBmddwhMfvH,MUogX2KNoKaKMj3sAKNaxNTS
STxrYfyJhKQ1RrtFcLzMpzEb,MUcHefGFu86e7o25P8U8mumv
STg6PZfxQoakfgnrjQipUetf,MUsPYLiHSZtDmdFAhBaqNELJ
STaAv7ftUpiayxPn5ihe1gSB,MU6J1BuGFemUCUUvqUpDddyS
STg8PiPjYoYfSZQRByMWTLaV,MUbhHZvJbn33a34QCvrGvcxf
ST9rGSCbUZNTUEULvZTYfm9N,MUr2vWjS4fbDWx1Ms8TFzQcw
STshz1KYkTtcZKNTmKNHugF9,MUtnMhTNAinDzFdYv1uVehGF
ST9Kvyx3H6oAe7wpkke1ViZT,MU8f3Qy7ZMYVDNvXCYq4VvXZ
ST9NUZmFjXz3j88vWYpWP5Qd,MUdtd9kMgkX4ExomrH57AD9U
ST8nKhdmCgr7sJP8jLHY5kET,MUg6bNxV6wqqw7CnjaBzdwCU
STwnePAqXnniRNVYFoC6tQg7,MUogX2KNoKaKMj3sAKNaxNTS
STwjxgNs8XPQoG9X5qkmmUNV,MU5FQwANjX5tyE4YBqPxTsbE
STwoSrtvWAo5Cp18iveQf2Kw,MUxiF8kcAHmoJ79fp1Ku5KF
ST92fW1v6bgUFzTzDVsbC5jb,MU6f8wXtyWMkddua9BiaSvAz
STdqtvumPLYBX4kabpThu2FC,MUvgiXUr83KLYWeUmjbuFgma
STp1SjhkguFJTBcnukcziM51,MU69NJWNXEteVPBy6w2Vkd87
STrFwgMCChyH4oGxJyTTRvQH,MU7aDTJFCVkV5haHKZwHbivR
STr8VSY2ssN9rMqA6shemDzm,MUbRXd1QxN2am79ErEK4B8fk
STp4DhhMNtahgRvxwEuNqN2R,MUhnoNS5NXvLudn1BwcYWav8
STrJLpyxMRwGkxW1dUpKb2Sb,MUea2Eq3w1RLdvQowA2nRCWe
STae4rSJwNHaDtFuf2RD5Jc8,MUdpRJEZCf4msgnAqJFLhWbx
STbbogp379KdK9H7CmjNu98s,MUpC2pZAsYs6Kk71coPoGtLr
STrCsF5yeEP6FXbtb4Tg73kK,MUdMNzXtFVyFPRLnDbWpDLZB
ST9zFgUHd6EhH71w6kgvTFTj,MUhVAhVRo9iShNJaxdRPpK8X
STvu3ZjisPhfQi3UAnw44FSf,MU4ooLjhCpcPzy6qcJq771jV
ST8tfZj9df2GBeMfuXj3pXpS,MUcRKyAmFWwNPzqsEuyP9HBf
STdYPMYp2VEShdLCKf4nP6AS,MU92yXmDLCU9NTvWhpt2897a
ST8WN9HGkmcgH8BgLZ3rVhit,MUwVAh6XiQ7nx9LY6iNJaMSp
ST8YoWRpFzuq1cVvLnMAX3dD,MUuyLk4P3p7VvxrJfLyDPd7m
ST8nLZFZSArWBpCVLNNhKsxq,MUrrjbFUGEWTgbRiM4MWKFdA
SToj6Eygtf2axGfG4ptyEAFb,MUp9zBvh8idVFJbXfpFfru9j
ST8T1HLZhnTuGbssi2ubppBZ,MUvd91hhCuSRhr8PqE6UMhJt
STrWKfyGEnemZoCRN9kdms2s,MU7gSkGhCbD5mMdZwktqzXHJ
STmBMQJrjZEanAjiXUkKBAfj,MUkN4Q65vrgaoVz9v6xyaUDM
ST8LRVTuuE4Ld7cnxEnGVj1U,MU6J1BuGFemUCUUvqUpDddyS
STr6FtZ33oTVyaVxmp6jgCm2,MUx1hF7sT76BAyMx9TUzd5r9
STpFKyEzSAhL5cvT47pSnMXj,MUwVAh6XiQ7nx9LY6iNJaMSp
STb4GzTF23TCmB6audB7hTEV,MUc4UEepTHZaMmhDa2AziqbV
STdcLu8QguaXrKxTqgTQjAs9,MU4svLQZGk7jbRCqTNbtdMZ
STnjBAwEtpbgQwjpkSYkoE4P,MUvxDPcuJgsNLNEspEGBFeFc
STobCWZWUDL5Bzy7QF4BpsYP,MUckyPZAPLCT6gbTFRaNhyCq
STngPNu5YNt6pUyDrSeVraVC,MUmdKJZzDewbJod49grUE4sp
STaDXc2VKKT8683utrT3ttar,MUtkwJYYciFSf6UFa9s2SA6
ST9uKnUYXeu5ZUsYcB6VQGeg,MUn9YnDL8SUtkJqjBXBQqo5b
STddTJo3gM75akiYH4632YK7,MUwA2fCnDvbNzF2oukETi7wS
ST9vzPmsaq33zKBDQ4LFAbA7,MUc9pQhTQScA9umrQ9tYDDDW
STbwFQFEiZ8RfmtUbWF3ymRo,MU72qxqoK1kKqTFQZtj48qMz
STeMnSTDQD22VoVMjU6KswU9,MUiS4YiHY5SMVMfq2mqBfA9c
STc75a7koT3qNPiRUJziGL4q,MUtkwJYYciFSf6UFa9s2SA6
STpLKL6H9tYAf2CADrkZLRoX,MU2hZpn6xREBs2PUUuNc4W2A
STd9feRaa2kCGYAGLo3yKCkD,MUcRk8TW6DPRpHaBSwxESpos
STdPJvVJJhGLC3Ar7ipsWYpj,MUvzaK9bA4AM8Cneo2XCPiZw
SToWgTXKEGh5P8oZE1ZhLrUY,MU6N4iE9hFdJ6AkDJPRQLsnf
STppcbEZB6Hd1nViJnKkFq5Y,MU3aVbaZfWJocTk7VmFXyGVb
STsNVHHXTPx1mo2t3xKiGr9A,MUbxi9HehCDeQQ2Xv7xxXoP5
STbRmxzWz1LzWzvj4YdvLbKN,MUpJT288xjjuLuxP7DGYFwUc
STc3M3LdfeNSkDuPWcdjPuRz,MUfpbgPi7MhWm5FenudXwTrD
STbXv2Chgsz3sEhzdHryDAfY,MUn2VSjj4pVMNMhFms5VXrBY
STbZ5jzkdFXoSqSa455Es9iT,MUxiRLhv9TRoCawhTkj1YfkJ
STx4zYM9iqTgo5qEyCJQqUKu,MU2k8yK66BJwYczEYqkpX1RC
STsqjcQWK2odeCZ46asGHJid,MUrrjbFUGEWTgbRiM4MWKFdA
SThG3RfW2AfNFAG9DDtphtnZ,MU2LK1qG436pGqym2ugLP7gG
STfrEAdhMnBQys6QX6fjjrPR,MU72vytx3T45Dex2RdLLaenb
STrJTzZzUQgBfDf7LcXqivAg,MU9JVpY5viJpmZZUspttKpaH
STwMY9sHsECNW2px83KhqxZi,MUvgiXUr83KLYWeUmjbuFgma
STujaEGwUqpd98DpxeJNwEVF,MUtnMhTNAinDzFdYv1uVehGF
STcW3fwB4xDHWRHVLFgNUTpr,MUsBznSNHqWnD5xfyJpYJwVd
SThM8vP7zSNSusRYv5LNsgSU,MUbBeJiuswnLg2ehc5etZgkH
STaEmwynL5kfXgzwJq5q2deG,MU2M17dRXN2WcV3UYs9eVmKB
ST9uEhjfrjDSfL8GJ6y8d7uA,MU6XBFA9fJq6fJZ1bZSLKM7f
STaa7qMLgYjbyaTamwydoe8C,MUrdM2T76TLpkfAstkQEpTbE
STc2sPZHpbnyBWxuoKfZvT7x,MUrHk4rL8vsnktdgUEmW5zXn
STajaCYcYSSDq5kB844d2qyq,MUjFs7Qm9eNSvhijXQwcjxpK
STt4TAvnbtvdPaSynAs9b95J,MUfnmoGZ4X8uXc8okfBY87SY
STtK1CDtAM9MKLjyEhC1EwHH,MU58X7zJ99fi58esaNYQRoRF
STc8u5khfNjShRbfn9DCTDAS,MUhQqjPVwDbYpsLWrG516ziz
STasne3FWktHqY4VNjKK5qQd,MU5SLFmMYh2PXfteKKzuD69R
STtbBuZFGTpKccaHRe948znB,MU5ThwSAHMpoJJR67MG5exBk
STtQEcU6p4aVAzdpRvRSkCNq,MU54j9N8Xj1gyZZ89fn2vUE8
STsTt4S9Z6tvWWJFpKd2kdYP,MU58X7zJ99fi58esaNYQRoRF
STrTM45FRKanKPqadVLzWiwW,MUgusMQxuH894LG9doNus3kK
STchfgZxPjAq1PZJAcFbM29G,MU52JH3SSwewvYVS91wqinbb
STrNDn9HesRTenxvXx8dMk93,MU92mQprUn6oboK8z3tDC4uC
SThCbsKTwKRz3uSkYnSEFDJa,MUiPHeAUZAAUHXzYxnPgY6Ma
STqij66aJqgy2UFEEfRo19RW,MUk8BN64yZ5pcVXFDmPPat2W
STcSV4UeYJ3fw6P1J5yseYAn,MUcYcNS57z79E6TA8eRbYGEX
STtHWUnazDJPCfMxeapu52n7,MUcRk8TW6DPRpHaBSwxESpos
STh42QY7rDGGXKWwPxEDYJXq,MUksRevX3DoCk5J7wTMHqD7B
STQQnHcsEZbsPjBFYsPPbG,MUbhiABJGdtpVsr7Vuc5utHv
SToWunRMRk6sfEGLRaXQdBkM,MUeqhHDEWLTVeJTNBW9NqEWs
STaU6rRWvuZWLQQkgc6EgzqB,MUbhHZvJbn33a34QCvrGvcxf
STohsN71evso1oKYXk46Hrbk,MU4svLQZGk7jbRCqTNbtdMZ
STaiRUVQwK2XYtPwcDhNfJFx,MU5oCvnmbi4PvUSDneJzgABY
STr8VUmPtb4gcYeNeUMsVFhp,MUkQeYwVk8b9bWv93WFPC2tj
STrW1emhEz6S54YxYb3W7N88,MUg8aVxScoTPeShrjvRe6EYh
STm78HGKUDt6SXAFxYnKzbiS,MUaLZK72yjoLmedeZGWgvASB
STx5vQB4TwMftcVoJVH84Bjr,MUacM37VLaKu5d2tAUaiDXVT
STrMaKWmwmMF2hcN6yGa47Ns,MU42FHpNWT5LQpHtSHk1jip9
STtM9e837ZzaRRb2vy3ZzCwA,MUsPYLiHSZtDmdFAhBaqNELJ
STp7gbGm7WpBSD3yKA8uWDT7,MUmt326RLaaqiiL7NnbGSU6g
STkm2KTikaf7DTYasgZMKJUo,MUoMkSeq7xph95NEpMqaridn
STpvK9wdmm8fp637gF7qNRp9,MU4rjqz4dqwTC3XrHvWwrsGV
STwoAaZnZYHx3rSty6DQAGVK,MUcwqqsfQbyU6Drp9zqRHxQR
STrUVpvpcSq8AuXTjHLgQfTS,MUpJT288xjjuLuxP7DGYFwUc
STwM3Tze5TLfhkMN3XU3uQVM,MUdX4csdpz6cEgZLLf7PTfiF
STpMVDjryopFNTXjNts9dsYC,MU2rTC52PmkEcLPimMXP8x14
STqxWaq4StSe9dmhXnSVEJ5k,MU3BXinhdbQLCyXtUFVEL1T9
STrNQaSYJEXC243jEL1GqHG3,MU6Cf2PMcqvrRfMDqBSBazW6
STnqA22LBmVX8iX6fodfuzxW,MUckQWBfJEuBRtJq1fkusN15
STwuNWNzukWTnfp7XHiVeRPU,MUmZzTMsFP8C7j9euhaHRMfj
STpMiLn3P13R289fRY9G3qkd,MUvd91hhCuSRhr8PqE6UMhJt
STy5xAd5nUyqVdqg6Bfr3bv,MUoax7ZoADa4BacUgCr3ceu9
STqspnpZwY9Ys7bKXe9ZM9GQ,MU2hZpn6xREBs2PUUuNc4W2A
SToPCw8HNtDrvKgXQDHXzMrj,MU3MgqxvrWsWW6wRUfrbBHHM
STnoz7neyMCWCZbLbdK4vYFi,MUb8Wu1EevbUJJooix2rmG1G
STnqDSKEQDsw1wsmiHV9ei8u,MU9JVpY5viJpmZZUspttKpaH
STtgg9Yh8ko4YzG8KpQJoo7,MUioEdbVdd6nXwcczFx6q464
STq2K2oetgNV8eKJp7nYrtJA,MUtix8t3gDwrwaLsqjy9QEfP
STvts25mE5spfvbbSsgcGmqh,MU9avnidRTrjid6W5Z6eYsNG
STvdBqiuRkYznSutWKph349u,MUgjfXQhpofwwpM9GrVNQh3t
STuVu8uinFe8Z6EHvLS7NpWt,MUkZNL53fdTz6yV3h8K3mVYc
STntZqRaF4tQtTcnu6wSYZhi,MU5BUwwaDs9fC3wvK6rGHmF3
STpj2zcjpt4tZwgcnaCv3oY8,MU35N7eUZriyXqRCkDX77CbU
STqrvnKoGXQdS8Q2MMwcxfNS,MUpzr1dbfYCbiXjPr5u7kvAK
STqh9D3HQRqqf5BT6AJpjJh3,MUjms9VkjHTVzmKcJ9xZDVyv
STnoeyWXM5LTfQVJY2rJKtT9,MUwnyM9xg8jps96Q8eqDeahw
STsVpqYVQfAiCCup6SGy4gZZ,MUb5JkkHgdsEUpccgExznXpL
SToPEBiDfwxnKTMuYBGYPm5o,MUrMxGNwb3oFzTcyKYejq1qS
STnnpDH95wS5Ehe6AoHH3wFM,MUkaWeLkxPWPeNuvBCJYpqCN
STvHakyE1XNToK9cQ4K1Z6y6,MU2eWRCsrKhSa7xWwjmZwVVB
STud1GRWH7ESKkZaTmL2Bkf8,MU3C7zDdHcp4GLjm6LRbgBXq
STuoFxsNzHGGB9nLSbDbQ2CF,MUwihY2ZYnb28AM4hQpMSXsr
STndwxtgJ5i9gjBSfiHMA31z,MUw13pSW8BcqZA4rPpPPyZFd
STnjvL7HCpqhMk6FiECDNwV3,MUv5Z7XheViTBq6ai7zMxfUc
STqs7yEKYBEwzLdMTHxjUbwR,MUeqVktM8a3xgqVpnMg1m8io
STntxcQn3U4eLbSNq6SveDGq,MUmerwiZBPXEweuk3ymfcugL
STpbG37cCk3TRXr5N7f1va1i,MUtQ8xgTVeULtukwYZMqQqUr
STsTiCpTasvZNf3SdLKNtU7K,MUrgBorHhNdkKegna4eESNxB
STsKSbT2JLUHDhQJAiWYuYi,MUuzz1tTg1Qm9aW7V41oWUyP
STswMLmUhyfrECHGrJS6GDNE,MUcArqcdNpCqTzZML1MSDjAX
STtmxcd6TPtSfgkSaDQgh4bm,MUeRXHPXH3XfgD3edWpcnCHB
STt8bF2kTmnCCwgU4nLEJgc,MUcjBauFPiC9gAUAwY5Txs2W
STqJvauTz9wkaPCf5rpnuevV,MUjtxXqVHWkHwZitt1vLShug
STnpEgpQoF2W8Cr2tPjrvQfT,MU5eVPBfwpGEBaVNSiyVECnc
SToCwYDRHb1sf3jHzdaguKoq,MUxcQbv85sq51FyBByiQr7w1
STwQsDu3LJ2rUQahzjzWRL3f,MUpbtLEYFL1CYpF4irBpT3JJ
STwnMpzH97ynU8wSdbsWdb3F,MU6SNMeQGLCqE19ZYAehQBYr
STwLGdHv7Tp2nwme9Yi6E5vb,MUbhHZvJbn33a34QCvrGvcxf
STsWWUSkbn5LGddxikDhvLFp,MUksRevX3DoCk5J7wTMHqD7B
STrGdpeWaTF61CWbNnGx2ziw,MUaJRt4Rtwy1vMeRh7d3qbdR
STuG7oZY3no4oTm49iFT7gY6,MUxhbAUmXDvW69jvBy5P2TEe
STtz39AdqgyKGzra38C7P3JE,MUoGGsvUeG7RjJheYnEAgy1P
STnEsPdrKrX57H8THzUP36Pq,MU4y8iRi8LCzPJGaZPnGE4dQ
STtTwihF5ZwYjG3je8ATgjFN,MUkXaxYtxEaA6zaycdbfBBtD
STqs85yUa6Qtqp3WbJFfMvUU,MUiZDwFfu1d6b2ED2HLouyMo
STmMN7typPvLexEsVH3FjCfx,MU9gF8cZusSkk4EmxbXF2skx
STqtE67KLtD7Cy5wpSNDvdDM,MU6viuf97ai2ygyWc92vixjS
STuRwURaPmQR5Pg2G9rfTr5t,MUpZZJQ2yfpFDnjhv7HumcLe
STkmWoZVpJ7GpKv36DvSoHYG,MUD8gkfwYkg9tD2t5mVpUvr
STx7io43bLSkRS2qwAKxHJcY,MUc4UEepTHZaMmhDa2AziqbV
STdUEWfQkf2sESS5bHUYFGzj,MUmjKqZ2udUXgcFVZG5gvroD
STjeC9jW9ofvBzxuJYVnZhN7,MUgkfftUirtvF87sQhcHV16D
STub87UnuaSfCmRHxwn6i1uB,MUfajfTyV4zEDh3BGkPcU3tQ
STuWPRDHVwH9yzoKXJtADa7q,MUnTUpRNhXuZEgkxSUCmuWxY
STtbdcYEyLu8ZF6JiNQBQbnm,MUamY8bBGenRpSUHTSa8roNB
STuFp3Cx41A1gpyJkGqyqe2t,MU2aWLf3NqGyQQhCAqY28Qh5
STtkj72XxJHjcfbhTdaqzUGU,MUxAduL93PV8nNf6nG79eswT
STtbzRvuTiNbr9UZkLJTTZte,MUgy3TLivaAhUvvJ3SJBtTVm
STr4jfsCAbYD7Jx2QnU5kCpx,MU2ZJt1h4L6xLJFYhHfm9d8E
STr3SycrGjS6WSRAtEMcUeQa,MUbMo25oVScBKoQN3qmKShjw
STqcxoEwnvcxb7g7LHeEF8ss,MUrTbPPJeEBgCYsMKRLPJYgz
STcPHEmLvmQMpft9GMFW3cKb,MUwJ7fCTQNCsvyGAbfAKsXnG
STd92AB4223ZEynAMdpeUdZQ,MUrYhNhcRVA8rzeWRDFuDufp
STxmnMJSbbFjmkByBtvgrpJc,MUhUzVwa2NiVzErNXDf8vDLz
STxixtCTDZFhpZTv6QvsjBvq,MUdX4csdpz6cEgZLLf7PTfiF
STqzooVhzmv5DivJG9oT5oxw,MUmrCFRndtB1HWYWrD3p93VY
STx9Cb9rpaCJ6J886VD92fKb,MU8bi5jjwxqpvizicLVsdixt
STt36veNMwzC58WJZ2DK1pVm,MUa6ZxKou7HgQtiqznJYshWZ
STxr2owYFCzuYRZ9aRJkKdTp,MUexruzGUjbvPbnBHK3K7U73
STuimsNd6penxAC7FaVXKM9f,MU92yXmDLCU9NTvWhpt2897a
STzH6UZd3VRHD2UbeAeJcZc,MU2hZpn6xREBs2PUUuNc4W2A
STxqqDB2K954ZR8gYGA9pHdM,MUv4d3wYf7Zi11YkSLuqui5s
STdDx1QQwd6Dg6dx1JFsTFiu,MU3by3GhehQnhJ2xy9bao3rt
STqgm3cSsrQ1iRH9j2ERkLDu,MUggoFa7hU9NwhTKK1Fckj12
STqd1k2j3b9c8J574AvUY9aa,MU2ypgn2XmC1ZRrC6CbLJVWA
STqszP2c3Egzwu4Bx3yf1p3X,MUtniotDtP22eKHQBMX4WAVW
STpLaK2oMrJMCLFEnfEAM9PG,MUrMxGNwb3oFzTcyKYejq1qS
STxdJSYJEPygWbVuAPSiedGC,MUtnMhTNAinDzFdYv1uVehGF
SToRssJgdxo6jGihvfjFcDtF,MUeSCypBNDuWFEYv45eaYSbJ
STqVBExa3xgUSmcdYfi9HsCP,MUaZB7qCBP15H1n7Qkf5nEma
STpNXqEuhmPmbXq3kpeAC8qz,MUdpRJEZCf4msgnAqJFLhWbx
STufiUXjouZJZXdfh3KyJ74p,MUhWgdCT3M8nUxTQ1nZuQXW4
STvccf3qDJhC42aqax4L54db,MUdGeWXYQp7mRXrNequMuKrk
STuaga3hU7zdhRdHBS3RKZQE,MU4fgghZqLSdCYGK793EMiKG
STuhvuPBUg23QKEmFgDcZQo9,MUcMY2og3ZWkQN8c49CU5T3k
STqebxoxYmN2HbW3Qi78FGR4,MUxAduL93PV8nNf6nG79eswT
STnX7i3nWhZHAr2rDFaomQqV,MUszNggNNZMsC8y6dYWxEoDN
STqv31SK3UMDMeG7bmN7595w,MUjbVSALnYj8zSCQhsePZhv7
SToLghkx68CLbHMLJZLDLqZt,MU9avnidRTrjid6W5Z6eYsNG
STnBTU15sqL4wbzC1nD4y9AT,MUbxrN3Qs5ZBtHt8DEQMabju
STuL8JcETgdhRkr1e34uRzwg,MUxiRLhv9TRoCawhTkj1YfkJ
STn4kakm5bzypCovfhNPA4hQ,MUrHk4rL8vsnktdgUEmW5zXn
ST9469an4zJ8Ct2iDqFRQ5EB,MU85B6Ebhmp72QtGaj7nrQWa
STthpbVEX54UWdVtakiBEML7,MUt4asg7XsbDSTZFxct2scTr
STvCFfKUTGHmS27d13hczEJx,MUtnMhTNAinDzFdYv1uVehGF
STtW3MWfghSmwnBBnd2gk49E,MU69EDbQJ4z8wr97CgsZqgYS
STnfGEi8keJga2vq3QNedZaV,MUmKv5DLLRPuxx5VxWFgHbE1
STsyyo4bxjWe4NZ5H3wvXqrx,MUiXPiHfFZCPdc2Cth5bUyRo
SToAGVbfjNDtySyNWqmA5Gui,MUsMnFAix2vpKzVxS1yeFGeN
STnkqpdkqxd43ewXVcocBXDN,MU92mQprUn6oboK8z3tDC4uC
STmmwaLwiSUWYx7CMBpPhNQZ,MUhHnWLJZM565WSMLwr9eDwr
STdtjaAEYm6MT6TkwJ3BdVgU,MUn28YpQwkv7XbnpeWmes56g
STmaFphcXUfBxMz4PZXKEpWn,MU6VEdVcmQAZfNJxXkSy6nyU
STmaeQiiZ18XYgo14onLgNbW,MU4TAhPwVGcAmQwNQJGdVGrc
STuyv1XjfQ4r7qyn41DGznRS,MU4g5UZMeHwxik7oCWbYdsKp
STnUfBnRapxdZBzr98S5CtWG,MU9KezzDGvatFzrRZcAbQ7GD
STvdZGfoabCJF3a4KbCRivHH,MUnpxnCXyYTTJgXjiF7bfsMA
SToJH9zow1DkbedJTGUuZkDf,MUfrD7bDxu2tePvep1FKjRne
SToQeRTQonpALbb3hiyRFVJN,MUkxZUzLXmiLCPhjBAJztszA
ST9ohwhcdDe4Msp9Hc84tjTo,MUscz5kfFn2ZhurJYY4nFTNr
STujNsbcikkU9sFfAqpij3ng,MUasXXQX1sZdhTa9ULLrHNhf
STv4ADdpK2dbkNEQzWhUY4rz,MU8aKesbEMeuEwtajbf5Bti6
STnZr3VJPFiyZUaiDjVNDhnv,MUhS4PN6HFgUcNCvXDJdRkcc
STmn5VCLVRhVtRkv8i62s4ja,MUxj94V2EYsDYZ81jLtfmcT2
STmLMYLAbPpYngGTmk2S7e4s,MUrMGCNZJn3Y9XFZVy6NLBA9
STaGzRtdH4CPgHdErvn2XBC1,MU2GETnji5gPkwaH3r6nEkUC
STpfE5Be1hbiVne7SJZvviKU,MUjeAL6kjuXMYuqnsrvqByy8
STb6Zz22dEh4iiozvnyz5BwK,MUww8e311P2GeZT3r8pGszUN
STaBqDQA4hZuU1aUevwh6dKp,MUoCwN8CBZByeLZQzoMBhWNN
STmoXXarFbj48vsjid7ti4kB,MUxcQbv85sq51FyBByiQr7w1
STmb6odpZ65ZeJd1TK8wNAck,MUsHLzQmngjsMnxQmV18PRvH
STmZbWr88XvRiTpdDHztq7qi,MUwhASJzFh31t2of1iW9fy1L
STsWFXNeWh7mnHAjuFUQPRdo,MUnBzTR4CGUbBPryUgUjqnXY
STkJrwwyg7Ugnchhw5iqxLdp,MUc9pQhTQScA9umrQ9tYDDDW
STt6bRPMN6GX3zYz7rmwpHoC,MU4g5UZMeHwxik7oCWbYdsKp
STmGkTKBSc8DbFzyePfXBzPN,MUq9Sit3cKFEQoTPQNJtMBij
STupHuS52ryhvYK7hZAn8dBJ,MUkkMbuaKkK2AGnW9UrkbUEe
STkiZjUikSdpK4mZ6uPmzLsE,MU3aVbaZfWJocTk7VmFXyGVb
STsXCXpLUBFLAMneLHgU4ARc,MUcRk8TW6DPRpHaBSwxESpos
STun2CcXwUFuH9imiWsWmfwL,MUcZBW7oh54HepWsa1xrcDA1
STupGL5NiRWab4Yes99s9hNU,MUqpFgzNJMbaMQH3FfgLScyK
STgLghxpJ8cru89x3ez1c4pv,MUqLkSnZvHM4RpviXE8GFiAr
STqPoDAGzbhnAe2GJM3q91Ya,MU8tkM2Ki46F7BS98uqftzfN
STdv5hTkjL5mS76FjEffxE3L,MUk9baZwQ8kyvvRKDoAfgRzA
STmt4xy49sdhoZr4JN3vzyxH,MUx9pJXArdGo7QbAspWc78KY
STqVMcf3q4fREJ1CeXajZ4MN,MU8wwYa15cqXQf8uwzcPag2U
STmzweoTxASAqCBEv2BVmJdi,MUchKsHZdD6YwQMTFX8V2fb3
STt7BXTPmkHuVsgh4S8z7JYL,MUuvNuRZ6aD9XG22ZJVNGT5X
STbCdTcHRrXoieMnCzizy4Lg,MUq9Sit3cKFEQoTPQNJtMBij
ST9FAp9DLE1KayXhzXUW5pAQ,MU42Yo8DX43Ru2SYFLL2DJHC
STnYpSjBDwjBZhHSBCYcgFSf,MUcrH4gWkHfcpGU2BAfmRZwT
STtrxLcvga6auaWoVrZuEU3e,MUcYcNS57z79E6TA8eRbYGEX
STnLLPUUFGVtDdrzyb3FuDgT,MU2U2ymkrhuxZCbxA5RQnnB3
STcZbmLv41WkEKk2QC3PuHA8,MU92yXmDLCU9NTvWhpt2897a
STmRZNfVwEXKVeSzYDoJxHu,MUksS1cJeU2S8pUnUvhdXiU6
STmeg9Q3oErfeTTEE4bA5Aq5,MUwraK8HK7XHGsLFoSH1sUz9
STnDhtsDjH6mGiCtNUxyAtbH,MUgy3TLivaAhUvvJ3SJBtTVm
STkhVmGdUCLGecji7ELrFFL5,MUuvNuRZ6aD9XG22ZJVNGT5X
STkMtS8e3pgPdrhEHEzMwX4b,MUrYhNhcRVA8rzeWRDFuDufp
STrEB9UHhXeGRbLhQi7dxShX,MUwaRHuW9Cc11Z7Gp4kV7b1C
STjqj4SjzCbAgiGMTiqkDLc6,MUofEeCBGVJ24YsTfPYgFgdG
STa9eD1MwknJs13WLErURG5s,MU9rjeHhwLpCEKrva8K42EH7
STmp7qvjFkYMnqPKntMjmYxD,MUfXtCcvzw24YmcfMKcQ7qWX
STmA8q3BcXTLKDa4q21J3Uii,MU7FZMEZrX6F7WMaDA2T7yCQ
STpiMAmM5UzkfPSe4owYJCzh,MUx9pJXArdGo7QbAspWc78KY
STnPnGzvSZbhaZ5yU3Ks5qzS,MUaVMnYhGwoL7515YjitErji
STn2927wH6T11ZpEvcokHDGk,MU71dsFhUKTFrzcPR19LchXk
STjprzcMGxvqMptA5GZAD6wQ,MUovXMXcwvgUxKPbWfa8GknY
STAFtjeesYPstu5cmBUBbe9,MUwihY2ZYnb28AM4hQpMSXsr
STnrrvCNs1Cuf99Zcpo4UkPs,MU4RGhQVXM1s76jrXgV9vF2e
STm9kYrTqL8h1CkdSBhJwC36,MUxfbuPq6pxf5dadcVc7TjGH
STd9fFyFHciGRqsvAmam6cxo,MUf57RuBt9FEbfVTgPHJ717u
STkqvWtqTvk4ionR9H3J3Qua,MUtnMhTNAinDzFdYv1uVehGF
STojs4msiFGhvmnDATkT6SJv,MU72vytx3T45Dex2RdLLaenb
STsvdgr8gUKpxjMK3BWFtFoP,MUsGre6t8gStqvtyLargUxqV
STm3Up7xH5rfaecGnmJMZxLg,MU3fdyYYUoyiTn7NnowV6dXL
STjoPPwALvaN6kuDKFWGFHgz,MU9VhhTTYpRaFhyzAP4vGwhV
STm4no7491KxSYSboyU3aL1,MUrTbPPJeEBgCYsMKRLPJYgz
STnaunqoEGHPkUqzZH76Nhnh,MU3TpP9nZqkb8SktRxYiY9u5
STkk2T1Nfkq67NAcQSKsj2Vx,MUeRofkGMMEU9Q9kDhjK9RY5
STmpYajbJakxiH7Z5qRwEUVT,MUxAduL93PV8nNf6nG79eswT
STmVJWrcCdJg5oycmvN9KoFe,MUx1hF7sT76BAyMx9TUzd5r9
STsr7byeED5dyGJtxreysMQ2,MUt3X6vAcBT4BpkKNEvueybY
STn4sJ2V4RHSnX1pNcKTVyBP,MU73e2HMgKn1HNm8My21g8nV
STkX4v6UdXDu2rkKESYK1kQW,MUrdjdirHqRGqLUwf7eyuPjU
STrE1uWC4YRchJsayydmjDKv,MUtkwJYYciFSf6UFa9s2SA6
STaKuCN5oPUjA4V9GfC4DjPU,MU7mGFgJjytM8wX9KnqTvVbA
STsvn7iTGmUEzsNbZHtwFTtp,MU3APBDGRDVvPjUaKvhpCxSh
STmzx4t1Xay9xNuw5A12zoc1,MUjScudEkzVcBJ3WT3choyGe
STkYRj1EPWWQBR9E23eRJLaJ,MUkyRrVmFyB1cupv7TDjmED6
STghd9tXW4pSwTF4Mbdt7AM5,MUhMqfNE6Dtd3sFcHHWYhM5
STjeuD4uUsZVUdPKoDX4xZQi,MU2GETnji5gPkwaH3r6nEkUC
STkhTeAKGETnUejhpqBoWQB3,MU4TAhPwVGcAmQwNQJGdVGrc
STjsxGkZzG9Ymcr3ABu5JduJ,MUwqQZMuCFbZHqhHsoguKcLz
STkSKthb4BpZmVFVF42TD772,MUfEfhv7cR58T5ZXnBioFDQr
STmV99Q5hCzRCsktAvQVArE5,MUeRofkGMMEU9Q9kDhjK9RY5
STmDsJxntHXijgrq81qeedQG,MUxj94V2EYsDYZ81jLtfmcT2
STqMKTd2VsqJU9L7EpXYRPXU,MU4TxF5GB6WZPDsjnkkkq5FA
STmF5UUejvgoLDZGQ2ZpC7zv,MU7KKCgoz22Qd5VYi5ETijtB
STmDjjLaNzmqeKzqsn6mxRAd,MUqHjsbQWQ1GzE23tu2hkWpe
STnxKb41V792LgksucJCk1RH,MUwmvH8THCwD3Kfu5RdNBBj6
STjt9JRLvowXuzTf5WZTMfeW,MUjeAL6kjuXMYuqnsrvqByy8
STkyMwpEewwzqw7ZMRY24a7h,MUhWgdCT3M8nUxTQ1nZuQXW4
STpNXNFmAM52tSB9ZVXFz52H,MU8mVcoDcS6SjwFavFXJtQG3
STkmWpueVSAHzRad5iKAhSfr,MU6PtmxAf2rvTUcYV9VGj1cw
SToJCBiscyoigdfpBvZdVbo2,MUeimXticDb4ZSKgV158dxez
STk4BVD84Pp4uv4qTHuW39iy,MU2txdoFp8ZfbJFhhEWmF5MJ
STngYkLwjAM61tXN4C585BiG,MUfGujvMrj9LnR1bs6rBinGi
STpWwABPsqSobizB87bvMuBY,MUjHBMc7LgrFNQ94deEVML7j
STpiY2nJiUuLAuSUMT9j3W9B,MUv5ENPkkfUqS41yHU5VmXc7
STkuknmYP9rWHkYb6gvFTYsh,MUd8mQs2wiRBnTEEUrwqPTQ1
STkU5NE3Y5ECgjCFxDW7WNkw,MUksRevX3DoCk5J7wTMHqD7B
STkGT1DddNkEuRumXQ9oY4Wa,MUk8BN64yZ5pcVXFDmPPat2W
STkWSfVmDeBR8AmCf4CU3fFY,MUuXyaHp5vKw6BeK36KjWdwe
STpXYgueYnkzzyVfUHAaWhed,MUrkKPckYMWvfUZZHXVRBtqa
STkpqYwFFjvHugFzyRdvZLHp,MUc4UEepTHZaMmhDa2AziqbV
STpjTTfjwP17uHgb5J3qBThg,MU6AueLfLGobgp98N8YgWA51
STtNhVmFocQyhwkwToC6fNby,MUcRk8TW6DPRpHaBSwxESpos
STk3b9y3RNdiTNz9UxwrtkhF,MUq7EB3jCxBUooNTsqyUsJP4
STtWGnqMQZikzLjWGitk9FtB,MUc4UEepTHZaMmhDa2AziqbV
STqL4eRiupzZsR7uxxntWrxJ,MU8mVcoDcS6SjwFavFXJtQG3
STtiz4M5wqiuMfaCbHmSvy3U,MUioEdbVdd6nXwcczFx6q464
STjx8xBpEPDbEqVuUkh7VvAD,MU9rjeHhwLpCEKrva8K42EH7
STtfRbBDnz1oAh7Pm2cREfqR,MUsgiwNXciK8bQg5CKbKf2Vs
STk4DmtpHktrgrb6qmyQU4nZ,MU4UcvnzyQTjysTsDiAjwGkQ
STuL4gtrMquMahZkHRJadkqW,MUjeAL6kjuXMYuqnsrvqByy8
STuutLTM8jzrjnSiRnRgnDid,MU342rV9eh3SGgrRZfPQb3w5
STjcASTZGDA45hrh6kTij7nd,MUe1Bfq2DEHFVe4GrWgX9TSE
STjsEF7c6ZLjmX5WUGU3CmVR,MUvWs5yGPJn8omyDLkzYH2jg
STobVKE1UkTugZ15aLysazHD,MUxAduL93PV8nNf6nG79eswT
STxvCv8NxxtZpbFqiXmU6iaX,MUvgiXUr83KLYWeUmjbuFgma
STmbtqjwBCJWXL9SNBCJyzgu,MUokTKopHeE5wMiKJtNPW7J7
STjkCAGwy7zFTMCjHmdQHTn2,MU3TpP9nZqkb8SktRxYiY9u5
STjmQri7CRmR2rrwAVa8vZRZ,MUmxNqt43xsQU8gssGeokPnP
STkhJNY8A7Gf7gkiKTremdGy,MUp8cW4cZuKJ8TNqoTiCNTMq
STmdEVseAHrxF53o1MXfQE2f,MU72qxqoK1kKqTFQZtj48qMz
STmBH3GqEoDZXe1YR5wm63Jy,MU88Jv5HtNN2SpQYQ4rQKZRu
STm2ccz1dWHb3an1gHVM4Dng,MUbWsUGndGy5gsvX3B1gXR2e
STt3ueb1SXnVSE67Vrpxu9pp,MUoUUFomdX7gD362JmPzg6Ty
STkTmQv9xzaeBLzAQvKAb2yW,MUgusMQxuH894LG9doNus3kK
STwkeLGnHUz8gQq3jTKo14Uu,MUea2Eq3w1RLdvQowA2nRCWe
STqGnEQEmRoqGjpF6SGd3fPZ,MUnMrTqDSwa8kZA9h2aza4g
STwPwaoGRaxv6kfZinY1R2KQ,MU3xZKG47VFh31m95f45Z6AM
STwTxLeqUhYreeuSJRUiKtbd,MUgnriMnJ9GXSgWpSTzB8ed4
STsKVqzTdk6ncZrhDWa3nktN,MUeimXticDb4ZSKgV158dxez
STtvNCYqiLh8rtQKVtVtPRMX,MUkZNL53fdTz6yV3h8K3mVYc
STtgPY6S9QUfWEWrgGY4QhLy,MUoCFpPNAfM5pH9S1Wf9Umqm
STuELJLmG7TS4fZKB9BKt7fs,MUhvyFRaZWBnGp9SQJqti6EN
STrFMQd3kWG3TVHfN8htJiLp,MUVMLZe6FTXMvTpMGiu5kXw
SToaFjgj8fCx1d4KyRruDRLk,MUD8gkfwYkg9tD2t5mVpUvr
STt5p2M9H5YW5tqMF8B3AUA5,MUirbv1n4Fw91YHDLET6a6vX
STtrmQUysBBw3s3eNXcpWVj,MUuPjPmhaqZKGHjHs7LBst77
STxiqaBErLSWy2uPHWzfanBT,MUd8mQs2wiRBnTEEUrwqPTQ1
STtj3UarezNdQb6qp11WQNTv,MU58X7zJ99fi58esaNYQRoRF
STnUUcMNW95L42M9Q5VZXZmh,MUhMqfNE6Dtd3sFcHHWYhM5
STm5iFRW66vEcowfmHNiQ9GW,MU6XBFA9fJq6fJZ1bZSLKM7f
STo6EDZDAXei9c6W8vAWJnqG,MUvJ2zdrebrSNkWzeMHbACta
STb6X6ydnq12KKeAzJy49Gqi,MUtnMhTNAinDzFdYv1uVehGF
STjy4SxPVcuoYSWygKQDpaN4,MUea2Eq3w1RLdvQowA2nRCWe
STjqBUNtYUnmxnjFDtG2WCxM,MU3qwxrmQFhAfsXgTiWMS5qf
STmpr8Mu2cycrKP5mCNxLgEh,MUcPQmgWKWahB1sY7BBCcKZY
STxyNAaEySSr14TLRXo4GURP,MU4svLQZGk7jbRCqTNbtdMZ
STmdkbMdxHGsk4JxCVqZisE,MU42Yo8DX43Ru2SYFLL2DJHC
STxgVLKBWa2dRuEBEA8DSr1r,MU5SLFmMYh2PXfteKKzuD69R
STjjmKidcXWN8hEeesYkD7CK,MU2MSUGDMdTLr7Hxsq4MPqvh
STkA55kgMYXgPwERv9xRbi1J,MUx9Lj9xfMBteCpdHQK54C2a
STxxssMzRSqT87SWAcJ7A3FA,MUchE13gcT43mW91vgmKa4VK
STk2Cqjfur4bX8dTb5yfCFoW,MUv4FTWpEjxfV7dnygbS918E